id,a,b,suite,opening,side,ms,opponent_ms,plies,played_plies,outcome,reason
capture-traditional-0-0,capture,traditional,generated,0,black,200,200,192,172,loss,checkmate
capture-traditional-0-1,capture,traditional,generated,0,white,200,200,150,130,win,checkmate
capture-traditional-1-0,capture,traditional,generated,1,black,200,200,133,113,win,checkmate
capture-traditional-1-1,capture,traditional,generated,1,white,200,200,188,168,win,checkmate
capture-traditional-2-0,capture,traditional,generated,2,black,200,200,115,95,win,checkmate
capture-traditional-2-1,capture,traditional,generated,2,white,200,200,90,70,win,checkmate
capture-traditional-3-0,capture,traditional,generated,3,black,200,200,121,101,win,checkmate
capture-traditional-3-1,capture,traditional,generated,3,white,200,200,122,102,win,checkmate
capture-traditional-4-0,capture,traditional,generated,4,black,200,200,189,169,win,checkmate
capture-traditional-4-1,capture,traditional,generated,4,white,200,200,117,97,loss,checkmate
capture-traditional-5-0,capture,traditional,generated,5,black,200,200,119,99,win,checkmate
capture-traditional-5-1,capture,traditional,generated,5,white,200,200,47,27,loss,checkmate
capture-yaneuraou-0-0,capture,yaneuraou,generated,0,black,1000,1000,138,118,loss,checkmate
capture-yaneuraou-0-1,capture,yaneuraou,generated,0,white,1000,1000,85,65,loss,checkmate
capture-yaneuraou-1-0,capture,yaneuraou,generated,1,black,1000,1000,106,86,loss,checkmate
capture-yaneuraou-1-1,capture,yaneuraou,generated,1,white,1000,1000,63,43,loss,checkmate
capture-yaneuraou-startpos-black,capture,yaneuraou,startpos,-1,black,1000,1000,70,70,loss,checkmate
capture-yaneuraou-startpos-white,capture,yaneuraou,startpos,-1,white,1000,1000,117,117,loss,checkmate
latest-capture-0-0,latest,capture,generated,0,black,200,200,165,145,win,checkmate
latest-capture-0-1,latest,capture,generated,0,white,200,200,143,123,loss,checkmate
latest-capture-1-0,latest,capture,generated,1,black,200,200,93,73,win,checkmate
latest-capture-1-1,latest,capture,generated,1,white,200,200,95,75,loss,checkmate
latest-capture-2-0,latest,capture,generated,2,black,200,200,151,131,win,checkmate
latest-capture-2-1,latest,capture,generated,2,white,200,200,114,94,win,checkmate
latest-capture-3-0,latest,capture,generated,3,black,200,200,117,97,win,checkmate
latest-capture-3-1,latest,capture,generated,3,white,200,200,128,108,win,checkmate
latest-capture-4-0,latest,capture,generated,4,black,200,200,115,95,win,checkmate
latest-capture-4-1,latest,capture,generated,4,white,200,200,115,95,loss,checkmate
latest-capture-5-0,latest,capture,generated,5,black,200,200,154,134,loss,checkmate
latest-capture-5-1,latest,capture,generated,5,white,200,200,69,49,loss,checkmate
latest-lmr-0-0,latest,lmr,generated,0,black,200,200,135,115,win,checkmate
latest-lmr-0-1,latest,lmr,generated,0,white,200,200,113,93,loss,checkmate
latest-lmr-1-0,latest,lmr,generated,1,black,200,200,110,90,loss,checkmate
latest-lmr-1-1,latest,lmr,generated,1,white,200,200,97,77,loss,checkmate
latest-lmr-2-0,latest,lmr,generated,2,black,200,200,114,94,loss,checkmate
latest-lmr-2-1,latest,lmr,generated,2,white,200,200,92,72,win,checkmate
latest-lmr-3-0,latest,lmr,generated,3,black,200,200,127,107,win,checkmate
latest-lmr-3-1,latest,lmr,generated,3,white,200,200,106,86,win,checkmate
latest-lmr-4-0,latest,lmr,generated,4,black,200,200,119,99,win,checkmate
latest-lmr-4-1,latest,lmr,generated,4,white,200,200,145,125,loss,checkmate
latest-lmr-5-0,latest,lmr,generated,5,black,200,200,101,81,win,checkmate
latest-lmr-5-1,latest,lmr,generated,5,white,200,200,130,110,win,checkmate
latest-yaneuraou-0-0,latest,yaneuraou,generated,0,black,1000,1000,106,86,loss,checkmate
latest-yaneuraou-0-1,latest,yaneuraou,generated,0,white,1000,1000,85,65,loss,checkmate
latest-yaneuraou-1-0,latest,yaneuraou,generated,1,black,1000,1000,130,110,loss,checkmate
latest-yaneuraou-1-1,latest,yaneuraou,generated,1,white,1000,1000,63,43,loss,checkmate
latest-yaneuraou-startpos-black,latest,yaneuraou,startpos,-1,black,1000,1000,118,118,loss,checkmate
latest-yaneuraou-startpos-white,latest,yaneuraou,startpos,-1,white,1000,1000,75,75,loss,checkmate
