ms,variant,n,cp_n,gap,gap_median,gap_p90,gap_over100,nodes_mean,nps,elapsed_mean,elapsed_p95,wall_mean,wall_p95,max_overshoot_ms,over5pct,normal_depth,iteration_mean,seldepth_mean,pv_mean,qnode_fraction,completed
300,traditional,24,23,89.8695652173913,0.0,279.80000000000007,6,190612.16666666666,635148.6757542777,300.106375,300.1332,350.62549891667004,358.4856360500009,0.1560000000000059,0,4.0,4.0,11.958333333333334,5.833333333333333,0.9501872475786348,24
300,capture,24,23,89.8695652173913,0.0,279.80000000000007,6,188038.125,626530.6071449991,300.12600000000003,300.1381,352.13019116666754,363.03474045000183,0.49200000000001864,0,3.9583333333333335,3.9583333333333335,11.875,5.791666666666667,0.9498539192517474,24
300,lmr,24,23,100.91304347826087,0.0,286.20000000000005,7,183751.58333333334,612254.2535338289,300.123,300.14835,356.6529294583306,360.58436669999935,0.4159999999999968,0,4.583333333333333,4.583333333333333,12.416666666666666,6.208333333333333,0.9437725933427331,24
300,adaptive,24,23,78.1304347826087,0.0,196.0,5,176371.04166666666,587689.1289371403,300.1094166666667,300.1373,350.748318124993,357.3439539500017,0.146000000000015,0,,3.2916666666666665,22.583333333333332,5.541666666666667,0.9643651345825148,24
300,latest,24,23,69.91304347826087,0.0,196.0,4,178683.91666666666,595072.779061566,300.272375,300.2228,351.62569824999747,357.995405649989,3.7509999999999764,0,,3.3333333333333335,22.541666666666668,5.625,0.9646633930399444,24
1000,traditional,24,23,115.04347826086956,0.0,300.0,8,597663.25,597415.7207530346,1000.4143333333333,1000.2022,1077.4690914583323,1100.61305415002,7.215000000000032,0,4.708333333333333,4.708333333333333,12.75,5.916666666666667,0.9506984075062337,24
1000,capture,24,23,115.04347826086956,0.0,300.0,8,598380.375,598198.871492408,1000.3034166666666,1000.146,1077.1146882916612,1100.339106799996,4.842999999999961,0,4.666666666666667,4.666666666666667,12.666666666666666,5.791666666666667,0.947859113305089,24
1000,lmr,24,23,108.91304347826087,0.0,286.20000000000005,7,573902.6666666666,573528.7737002785,1000.6519166666667,1001.4032,1070.1844020833312,1085.6449161000041,11.529999999999973,0,5.375,5.375,13.541666666666666,7.0,0.9376568210172689,24
1000,adaptive,24,23,94.04347826086956,0.0,226.4,7,567809.4166666666,567646.0528630365,1000.2877916666666,1000.32175,1067.2404684166668,1080.2352993500303,4.101999999999975,0,,4.041666666666667,25.375,6.791666666666667,0.9603426208294948,24
1000,latest,24,23,85.52173913043478,0.0,226.4,6,568235.3333333334,568164.4311470297,1000.1247916666666,1000.24225,1071.8564302500072,1088.5875987000095,0.33600000000001273,0,,4.083333333333333,25.666666666666668,7.0,0.9599078961416221,24
3000,traditional,24,23,109.69565217391305,0.0,286.20000000000005,8,1682770.2916666667,560902.6537864215,3000.1111249999994,3000.1427999999996,3118.2186642916736,3149.0651997000327,0.15099999999983993,0,5.125,5.125,13.291666666666666,6.375,0.9364897224163121,24
3000,capture,24,23,109.69565217391305,0.0,286.20000000000005,8,1671846.6666666667,557237.5348676898,3000.2405833333337,3000.12655,3118.9638903333253,3148.836557399912,3.257000000000062,0,5.125,5.125,13.291666666666666,6.375,0.9330880623023643,24
3000,lmr,24,23,99.0,0.0,284.80000000000007,6,1642387.5,547257.2557267168,3001.125125,3000.2856,3123.094535083342,3166.894915949987,23.965999999999894,0,5.916666666666667,5.916666666666667,14.25,7.125,0.9347020978098449,24
3000,adaptive,24,23,76.6086956521739,0.0,219.00000000000003,5,1626056.3333333333,541973.4552475826,3000.250875,3000.1660500000003,3114.7176264166624,3150.9261697500247,3.33199999999988,0,,4.666666666666667,30.041666666666668,7.125,0.9572619870283297,24
3000,latest,24,23,75.6086956521739,0.0,206.20000000000002,5,1671951.7083333333,557296.2600990989,3000.112916666667,3000.1416,3115.882155625002,3153.7136685999853,0.15999999999985448,0,,4.708333333333333,28.625,7.458333333333333,0.9577234101234134,24
5000,latest,24,23,66.21739130434783,0.0,183.40000000000006,4,2747445.2083333335,549466.2113455853,5000.2077500000005,5000.19495,5130.205167458318,5169.194282299994,2.3419999999996435,0,,4.916666666666667,29.083333333333332,7.875,0.956353815669815,24
