phase,root,repeat,variant,elapsed_ms,nodes,q_generated_moves,q_avoided_generations
cycle1,0,0,v0.8,36.418,5041,,
cycle1,0,0,control,66.196,5041,308263,
cycle1,0,0,order,40.783,5041,308263,
cycle1,0,0,direct,44.733,5041,2379,
cycle1,0,0,cycle1,29.465,5041,2379,
cycle1,1,0,control,43.007,5176,334328,
cycle1,1,0,order,35.199,5176,334328,
cycle1,1,0,direct,38.396,5176,2249,
cycle1,1,0,cycle1,30.23,5176,2249,
cycle1,1,0,v0.8,35.995,5176,,
cycle1,2,0,order,58.518,7053,468923,
cycle1,2,0,direct,57.292,7053,6301,
cycle1,2,0,cycle1,67.096,7053,6301,
cycle1,2,0,v0.8,66.3,7053,,
cycle1,2,0,control,87.067,7053,468923,
cycle1,3,0,direct,50.159,6600,6350,
cycle1,3,0,cycle1,44.078,6600,6350,
cycle1,3,0,v0.8,54.258,6600,,
cycle1,3,0,control,56.484,6600,448607,
cycle1,3,0,order,55.784,6600,448607,
cycle1,4,0,cycle1,15.853,2853,6431,
cycle1,4,0,v0.8,17.917,2853,,
cycle1,4,0,control,19.018,2853,152624,
cycle1,4,0,order,36.916,2853,152624,
cycle1,4,0,direct,20.518,2853,6431,
cycle1,5,0,v0.8,22.2,3252,,
cycle1,5,0,control,28.923,3252,137871,
cycle1,5,0,order,24.657,3252,137871,
cycle1,5,0,direct,21.626,3252,3473,
cycle1,5,0,cycle1,20.04,3252,3473,
cycle1,6,0,control,114.078,10003,376482,
cycle1,6,0,order,65.035,10003,376482,
cycle1,6,0,direct,65.852,10003,18473,
cycle1,6,0,cycle1,56.099,10003,18473,
cycle1,6,0,v0.8,70.079,10003,,
cycle1,7,0,order,21.16,2703,137787,
cycle1,7,0,direct,14.746,2703,7117,
cycle1,7,0,cycle1,15.175,2703,7117,
cycle1,7,0,v0.8,17.694,2703,,
cycle1,7,0,control,24.367,2703,137787,
cycle1,0,1,control,38.159,5041,308263,
cycle1,0,1,order,45.413,5041,308263,
cycle1,0,1,direct,32.3,5041,2379,
cycle1,0,1,cycle1,28.235,5041,2379,
cycle1,0,1,v0.8,48.819,5041,,
cycle1,1,1,order,41.129,5176,334328,
cycle1,1,1,direct,30.177,5176,2249,
cycle1,1,1,cycle1,37.304,5176,2249,
cycle1,1,1,v0.8,43.512,5176,,
cycle1,1,1,control,109.382,5176,334328,
cycle1,2,1,direct,55.248,7053,6301,
cycle1,2,1,cycle1,39.353,7053,6301,
cycle1,2,1,v0.8,83.873,7053,,
cycle1,2,1,control,52.593,7053,468923,
cycle1,2,1,order,54.803,7053,468923,
cycle1,3,1,cycle1,45.389,6600,6350,
cycle1,3,1,v0.8,52.898,6600,,
cycle1,3,1,control,57.72,6600,448607,
cycle1,3,1,order,47.148,6600,448607,
cycle1,3,1,direct,42.633,6600,6350,
cycle1,4,1,v0.8,17.613,2853,,
cycle1,4,1,control,30.507,2853,152624,
cycle1,4,1,order,19.552,2853,152624,
cycle1,4,1,direct,15.884,2853,6431,
cycle1,4,1,cycle1,14.093,2853,6431,
cycle1,5,1,control,22.978,3252,137871,
cycle1,5,1,order,19.288,3252,137871,
cycle1,5,1,direct,17.726,3252,3473,
cycle1,5,1,cycle1,28.162,3252,3473,
cycle1,5,1,v0.8,24.749,3252,,
cycle1,6,1,order,60.354,10003,376482,
cycle1,6,1,direct,52.439,10003,18473,
cycle1,6,1,cycle1,46.521,10003,18473,
cycle1,6,1,v0.8,49.479,10003,,
cycle1,6,1,control,56.037,10003,376482,
cycle1,7,1,direct,31.059,2703,7117,
cycle1,7,1,cycle1,20.204,2703,7117,
cycle1,7,1,v0.8,28.152,2703,,
cycle1,7,1,control,17.474,2703,137787,
cycle1,7,1,order,16.767,2703,137787,
cycle1,0,2,order,42.516,5041,308263,
cycle1,0,2,direct,28.589,5041,2379,
cycle1,0,2,cycle1,35.479,5041,2379,
cycle1,0,2,v0.8,32.3,5041,,
cycle1,0,2,control,49.086,5041,308263,
cycle1,1,2,direct,30.698,5176,2249,
cycle1,1,2,cycle1,29.14,5176,2249,
cycle1,1,2,v0.8,36.117,5176,,
cycle1,1,2,control,35.316,5176,334328,
cycle1,1,2,order,31.934,5176,334328,
cycle1,2,2,cycle1,39.732,7053,6301,
cycle1,2,2,v0.8,45.492,7053,,
cycle1,2,2,control,50.579,7053,468923,
cycle1,2,2,order,56.543,7053,468923,
cycle1,2,2,direct,43.917,7053,6301,
cycle1,3,2,v0.8,46.053,6600,,
cycle1,3,2,control,44.09,6600,448607,
cycle1,3,2,order,44.367,6600,448607,
cycle1,3,2,direct,44.13,6600,6350,
cycle1,3,2,cycle1,50.327,6600,6350,
cycle1,4,2,control,22.98,2853,152624,
cycle1,4,2,order,15.86,2853,152624,
cycle1,4,2,direct,16.517,2853,6431,
cycle1,4,2,cycle1,15.269,2853,6431,
cycle1,4,2,v0.8,19.453,2853,,
cycle1,5,2,order,24.455,3252,137871,
cycle1,5,2,direct,19.047,3252,3473,
cycle1,5,2,cycle1,24.025,3252,3473,
cycle1,5,2,v0.8,20.065,3252,,
cycle1,5,2,control,21.405,3252,137871,
cycle1,6,2,direct,66.268,10003,18473,
cycle1,6,2,cycle1,44.754,10003,18473,
cycle1,6,2,v0.8,47.884,10003,,
cycle1,6,2,control,64.058,10003,376482,
cycle1,6,2,order,55.832,10003,376482,
cycle1,7,2,cycle1,14.915,2703,7117,
cycle1,7,2,v0.8,20.934,2703,,
cycle1,7,2,control,19.501,2703,137787,
cycle1,7,2,order,18.596,2703,137787,
cycle1,7,2,direct,16.614,2703,7117,
cycle1,0,3,direct,43.9,5041,2379,
cycle1,0,3,cycle1,29.211,5041,2379,
cycle1,0,3,v0.8,48.47,5041,,
cycle1,0,3,control,31.018,5041,308263,
cycle1,0,3,order,30.061,5041,308263,
cycle1,1,3,cycle1,28.775,5176,2249,
cycle1,1,3,v0.8,44.556,5176,,
cycle1,1,3,control,39.247,5176,334328,
cycle1,1,3,order,77.605,5176,334328,
cycle1,1,3,direct,36.673,5176,2249,
cycle1,2,3,v0.8,52.75,7053,,
cycle1,2,3,control,46.646,7053,468923,
cycle1,2,3,order,44.422,7053,468923,
cycle1,2,3,direct,57.979,7053,6301,
cycle1,2,3,cycle1,43.567,7053,6301,
cycle1,3,3,control,71.83,6600,448607,
cycle1,3,3,order,41.036,6600,448607,
cycle1,3,3,direct,38.539,6600,6350,
cycle1,3,3,cycle1,52.843,6600,6350,
cycle1,3,3,v0.8,65.305,6600,,
cycle1,4,3,order,18.232,2853,152624,
cycle1,4,3,direct,15.602,2853,6431,
cycle1,4,3,cycle1,16.491,2853,6431,
cycle1,4,3,v0.8,19.57,2853,,
cycle1,4,3,control,25.772,2853,152624,
cycle1,5,3,direct,22.415,3252,3473,
cycle1,5,3,cycle1,22.515,3252,3473,
cycle1,5,3,v0.8,18.483,3252,,
cycle1,5,3,control,19.235,3252,137871,
cycle1,5,3,order,18.189,3252,137871,
cycle1,6,3,cycle1,47.002,10003,18473,
cycle1,6,3,v0.8,84.322,10003,,
cycle1,6,3,control,55.028,10003,376482,
cycle1,6,3,order,58.645,10003,376482,
cycle1,6,3,direct,60.042,10003,18473,
cycle1,7,3,v0.8,19.398,2703,,
cycle1,7,3,control,66.688,2703,137787,
cycle1,7,3,order,20.057,2703,137787,
cycle1,7,3,direct,16.624,2703,7117,
cycle1,7,3,cycle1,21.238,2703,7117,
cycle1,0,4,cycle1,26.966,5041,2379,
cycle1,0,4,v0.8,33.893,5041,,
cycle1,0,4,control,83.244,5041,308263,
cycle1,0,4,order,30.887,5041,308263,
cycle1,0,4,direct,35.646,5041,2379,
cycle1,1,4,v0.8,34.128,5176,,
cycle1,1,4,control,60.251,5176,334328,
cycle1,1,4,order,104.392,5176,334328,
cycle1,1,4,direct,34.707,5176,2249,
cycle1,1,4,cycle1,31.881,5176,2249,
cycle1,2,4,control,59.224,7053,468923,
cycle1,2,4,order,42.371,7053,468923,
cycle1,2,4,direct,74.2,7053,6301,
cycle1,2,4,cycle1,39.542,7053,6301,
cycle1,2,4,v0.8,67.009,7053,,
cycle1,3,4,order,50.507,6600,448607,
cycle1,3,4,direct,44.456,6600,6350,
cycle1,3,4,cycle1,38.025,6600,6350,
cycle1,3,4,v0.8,60.692,6600,,
cycle1,3,4,control,58.711,6600,448607,
cycle1,4,4,direct,20.523,2853,6431,
cycle1,4,4,cycle1,16.436,2853,6431,
cycle1,4,4,v0.8,20.552,2853,,
cycle1,4,4,control,47.387,2853,152624,
cycle1,4,4,order,20.229,2853,152624,
cycle1,5,4,cycle1,17.191,3252,3473,
cycle1,5,4,v0.8,26.323,3252,,
cycle1,5,4,control,20.102,3252,137871,
cycle1,5,4,order,25.562,3252,137871,
cycle1,5,4,direct,23.934,3252,3473,
cycle1,6,4,v0.8,71.881,10003,,
cycle1,6,4,control,59.12,10003,376482,
cycle1,6,4,order,54.403,10003,376482,
cycle1,6,4,direct,59.303,10003,18473,
cycle1,6,4,cycle1,53.636,10003,18473,
cycle1,7,4,control,27.897,2703,137787,
cycle1,7,4,order,17.184,2703,137787,
cycle1,7,4,direct,15.985,2703,7117,
cycle1,7,4,cycle1,22.908,2703,7117,
cycle1,7,4,v0.8,17.87,2703,,
cycle2,0,0,v0.8,45.992,5041,,
cycle2,0,0,cycle1,30.581,5041,2379,
cycle2,0,0,cycle2,30.325,5041,1137,3352
cycle2,1,0,cycle1,35.828,5176,2249,
cycle2,1,0,cycle2,29.55,5176,970,4151
cycle2,1,0,v0.8,34.665,5176,,
cycle2,2,0,cycle2,38.824,7053,2304,4883
cycle2,2,0,v0.8,56.71,7053,,
cycle2,2,0,cycle1,43.585,7053,6301,
cycle2,3,0,v0.8,60.26,6600,,
cycle2,3,0,cycle1,61.657,6600,6350,
cycle2,3,0,cycle2,36.26,6600,2350,4679
cycle2,4,0,cycle1,13.966,2853,6431,
cycle2,4,0,cycle2,13.446,2853,1132,1914
cycle2,4,0,v0.8,19.446,2853,,
cycle2,5,0,cycle2,18.241,3252,1687,2055
cycle2,5,0,v0.8,32.871,3252,,
cycle2,5,0,cycle1,23.458,3252,3473,
cycle2,6,0,v0.8,57.489,10003,,
cycle2,6,0,cycle1,67.386,10003,18473,
cycle2,6,0,cycle2,64.429,10003,9242,3734
cycle2,7,0,cycle1,17.383,2703,7117,
cycle2,7,0,cycle2,16.624,2703,1235,1946
cycle2,7,0,v0.8,19.774,2703,,
cycle2,0,1,cycle1,25.058,5041,2379,
cycle2,0,1,cycle2,25.32,5041,1137,3352
cycle2,0,1,v0.8,34.412,5041,,
cycle2,1,1,cycle2,28.433,5176,970,4151
cycle2,1,1,v0.8,40.409,5176,,
cycle2,1,1,cycle1,30.42,5176,2249,
cycle2,2,1,v0.8,59.158,7053,,
cycle2,2,1,cycle1,56.652,7053,6301,
cycle2,2,1,cycle2,48.895,7053,2304,4883
cycle2,3,1,cycle1,57.899,6600,6350,
cycle2,3,1,cycle2,36.381,6600,2350,4679
cycle2,3,1,v0.8,59.905,6600,,
cycle2,4,1,cycle2,15.847,2853,1132,1914
cycle2,4,1,v0.8,21.851,2853,,
cycle2,4,1,cycle1,16.069,2853,6431,
cycle2,5,1,v0.8,23.486,3252,,
cycle2,5,1,cycle1,17.201,3252,3473,
cycle2,5,1,cycle2,19.836,3252,1687,2055
cycle2,6,1,cycle1,47.958,10003,18473,
cycle2,6,1,cycle2,43.761,10003,9242,3734
cycle2,6,1,v0.8,57.262,10003,,
cycle2,7,1,cycle2,13.487,2703,1235,1946
cycle2,7,1,v0.8,17.776,2703,,
cycle2,7,1,cycle1,14.625,2703,7117,
cycle2,0,2,cycle2,27.529,5041,1137,3352
cycle2,0,2,v0.8,34.995,5041,,
cycle2,0,2,cycle1,30.511,5041,2379,
cycle2,1,2,v0.8,37.115,5176,,
cycle2,1,2,cycle1,29.308,5176,2249,
cycle2,1,2,cycle2,27.178,5176,970,4151
cycle2,2,2,cycle1,46.783,7053,6301,
cycle2,2,2,cycle2,44.825,7053,2304,4883
cycle2,2,2,v0.8,48.323,7053,,
cycle2,3,2,cycle2,40.306,6600,2350,4679
cycle2,3,2,v0.8,45.636,6600,,
cycle2,3,2,cycle1,38.814,6600,6350,
cycle2,4,2,v0.8,16.377,2853,,
cycle2,4,2,cycle1,15.217,2853,6431,
cycle2,4,2,cycle2,21.567,2853,1132,1914
cycle2,5,2,cycle1,18.739,3252,3473,
cycle2,5,2,cycle2,24.087,3252,1687,2055
cycle2,5,2,v0.8,18.561,3252,,
cycle2,6,2,cycle2,68.62,10003,9242,3734
cycle2,6,2,v0.8,55.48,10003,,
cycle2,6,2,cycle1,44.602,10003,18473,
cycle2,7,2,v0.8,17.312,2703,,
cycle2,7,2,cycle1,15.9,2703,7117,
cycle2,7,2,cycle2,14.715,2703,1235,1946
cycle2,0,3,v0.8,32.1,5041,,
cycle2,0,3,cycle1,28.665,5041,2379,
cycle2,0,3,cycle2,26.392,5041,1137,3352
cycle2,1,3,cycle1,34.146,5176,2249,
cycle2,1,3,cycle2,48.648,5176,970,4151
cycle2,1,3,v0.8,33.593,5176,,
cycle2,2,3,cycle2,40.471,7053,2304,4883
cycle2,2,3,v0.8,57.423,7053,,
cycle2,2,3,cycle1,51.782,7053,6301,
cycle2,3,3,v0.8,68.851,6600,,
cycle2,3,3,cycle1,34.892,6600,6350,
cycle2,3,3,cycle2,44.635,6600,2350,4679
cycle2,4,3,cycle1,14.282,2853,6431,
cycle2,4,3,cycle2,14.6,2853,1132,1914
cycle2,4,3,v0.8,30.721,2853,,
cycle2,5,3,cycle2,18.435,3252,1687,2055
cycle2,5,3,v0.8,20.365,3252,,
cycle2,5,3,cycle1,16.904,3252,3473,
cycle2,6,3,v0.8,68.378,10003,,
cycle2,6,3,cycle1,46.981,10003,18473,
cycle2,6,3,cycle2,45.452,10003,9242,3734
cycle2,7,3,cycle1,16.121,2703,7117,
cycle2,7,3,cycle2,15.672,2703,1235,1946
cycle2,7,3,v0.8,18.345,2703,,
cycle2,0,4,cycle1,43.84,5041,2379,
cycle2,0,4,cycle2,38.339,5041,1137,3352
cycle2,0,4,v0.8,31.124,5041,,
cycle2,1,4,cycle2,26.511,5176,970,4151
cycle2,1,4,v0.8,33.683,5176,,
cycle2,1,4,cycle1,44.927,5176,2249,
cycle2,2,4,v0.8,59.104,7053,,
cycle2,2,4,cycle1,39.402,7053,6301,
cycle2,2,4,cycle2,43.847,7053,2304,4883
cycle2,3,4,cycle1,42.193,6600,6350,
cycle2,3,4,cycle2,63.285,6600,2350,4679
cycle2,3,4,v0.8,58.587,6600,,
cycle2,4,4,cycle2,16.624,2853,1132,1914
cycle2,4,4,v0.8,19.661,2853,,
cycle2,4,4,cycle1,32.933,2853,6431,
cycle2,5,4,v0.8,30.658,3252,,
cycle2,5,4,cycle1,27.088,3252,3473,
cycle2,5,4,cycle2,16.098,3252,1687,2055
cycle2,6,4,cycle1,61.238,10003,18473,
cycle2,6,4,cycle2,55.561,10003,9242,3734
cycle2,6,4,v0.8,61.937,10003,,
cycle2,7,4,cycle2,15.549,2703,1235,1946
cycle2,7,4,v0.8,24.571,2703,,
cycle2,7,4,cycle1,22.567,2703,7117,
