id,variant,repeat,ms,nodes,score,bestmove,depth
0,baseline,0,166.304,51917,-2854,3b3a,4
0,baseline,1,146.31,51917,-2854,3b3a,4
0,baseline,2,147.553,51917,-2854,3b3a,4
1,baseline,0,36.788,13217,51,5c5d,4
1,baseline,1,36.677,13217,51,5c5d,4
1,baseline,2,37.178,13217,51,5c5d,4
2,baseline,0,118.951,36768,-3,2e2d,4
2,baseline,1,110.448,36768,-3,2e2d,4
2,baseline,2,112.76,36768,-3,2e2d,4
3,baseline,0,498.466,168857,-2293,6e5g+,4
3,baseline,1,450.41,168857,-2293,6e5g+,4
3,baseline,2,434.503,168857,-2293,6e5g+,4
4,baseline,0,131.734,47898,-150,4h3h,4
4,baseline,1,166.396,47898,-150,4h3h,4
4,baseline,2,132.495,47898,-150,4h3h,4
5,baseline,0,177.53,73114,749,4e3f,4
5,baseline,1,201.249,73114,749,4e3f,4
5,baseline,2,189.182,73114,749,4e3f,4
6,baseline,0,360.209,121078,-148,G*8c,4
6,baseline,1,350.916,121078,-148,G*8c,4
6,baseline,2,359.192,121078,-148,G*8c,4
7,baseline,0,102.936,36759,-2842,5c5d,4
7,baseline,1,119.932,36759,-2842,5c5d,4
7,baseline,2,107.751,36759,-2842,5c5d,4
8,baseline,0,132.205,44030,-430,7a8b,4
8,baseline,1,141.526,44030,-430,7a8b,4
8,baseline,2,130.048,44030,-430,7a8b,4
9,baseline,0,34.91,12397,-750,6d6e,4
9,baseline,1,34.588,12397,-750,6d6e,4
9,baseline,2,34.699,12397,-750,6d6e,4
10,baseline,0,155.244,52690,-401,4d2f,4
10,baseline,1,153.874,52690,-401,4d2f,4
10,baseline,2,145.744,52690,-401,4d2f,4
11,baseline,0,145.294,46375,-378,5i4i,4
11,baseline,1,134.727,46375,-378,5i4i,4
11,baseline,2,133.189,46375,-378,5i4i,4
12,baseline,0,39.468,13125,65,8g8f,4
12,baseline,1,34.922,13125,65,8g8f,4
12,baseline,2,36.482,13125,65,8g8f,4
13,baseline,0,83.273,26826,-1171,2h4h,4
13,baseline,1,87.801,26826,-1171,2h4h,4
13,baseline,2,76.206,26826,-1171,2h4h,4
14,baseline,0,103.383,33155,-125,6f6e,4
14,baseline,1,102.868,33155,-125,6f6e,4
14,baseline,2,97.692,33155,-125,6f6e,4
15,baseline,0,101.35,39701,206,7h8g,4
15,baseline,1,104.214,39701,206,7h8g,4
15,baseline,2,105.172,39701,206,7h8g,4
0,fast,0,73.088,51917,-2854,3b3a,4
0,fast,1,77.133,51917,-2854,3b3a,4
0,fast,2,68.158,51917,-2854,3b3a,4
1,fast,0,18.423,13217,51,5c5d,4
1,fast,1,19.678,13217,51,5c5d,4
1,fast,2,19.823,13217,51,5c5d,4
2,fast,0,57.006,36768,-3,2e2d,4
2,fast,1,61.082,36768,-3,2e2d,4
2,fast,2,57.84,36768,-3,2e2d,4
3,fast,0,220.078,168857,-2293,6e5g+,4
3,fast,1,209.772,168857,-2293,6e5g+,4
3,fast,2,235.881,168857,-2293,6e5g+,4
4,fast,0,63.471,47898,-150,4h3h,4
4,fast,1,83.071,47898,-150,4h3h,4
4,fast,2,64.358,47898,-150,4h3h,4
5,fast,0,99.296,73114,749,4e3f,4
5,fast,1,112.672,73114,749,4e3f,4
5,fast,2,114.761,73114,749,4e3f,4
6,fast,0,168.75,121078,-148,G*8c,4
6,fast,1,173.922,121078,-148,G*8c,4
6,fast,2,171.731,121078,-148,G*8c,4
7,fast,0,51.308,36759,-2842,5c5d,4
7,fast,1,50.223,36759,-2842,5c5d,4
7,fast,2,49.478,36759,-2842,5c5d,4
8,fast,0,63.473,44030,-430,7a8b,4
8,fast,1,68.077,44030,-430,7a8b,4
8,fast,2,64.551,44030,-430,7a8b,4
9,fast,0,17.866,12397,-750,6d6e,4
9,fast,1,16.556,12397,-750,6d6e,4
9,fast,2,16.663,12397,-750,6d6e,4
10,fast,0,71.981,52690,-401,4d2f,4
10,fast,1,74.312,52690,-401,4d2f,4
10,fast,2,75.97,52690,-401,4d2f,4
11,fast,0,86.552,46375,-378,5i4i,4
11,fast,1,63.698,46375,-378,5i4i,4
11,fast,2,64.028,46375,-378,5i4i,4
12,fast,0,18.365,13125,65,8g8f,4
12,fast,1,18.845,13125,65,8g8f,4
12,fast,2,20.533,13125,65,8g8f,4
13,fast,0,43.488,26826,-1171,2h4h,4
13,fast,1,46.7,26826,-1171,2h4h,4
13,fast,2,44.173,26826,-1171,2h4h,4
14,fast,0,53.147,33155,-125,6f6e,4
14,fast,1,50.127,33155,-125,6f6e,4
14,fast,2,56.443,33155,-125,6f6e,4
15,fast,0,56.419,39701,206,7h8g,4
15,fast,1,54.256,39701,206,7h8g,4
15,fast,2,56.863,39701,206,7h8g,4
0,lmr,0,45.206,31141,-2854,3b3a,4
0,lmr,1,45.106,31141,-2854,3b3a,4
0,lmr,2,45.164,31141,-2854,3b3a,4
1,lmr,0,8.764,6204,51,5c5d,4
1,lmr,1,8.912,6204,51,5c5d,4
1,lmr,2,9.359,6204,51,5c5d,4
2,lmr,0,62.741,30817,-3,2e2d,4
2,lmr,1,50.06,30817,-3,2e2d,4
2,lmr,2,48.154,30817,-3,2e2d,4
3,lmr,0,258.767,205678,-2075,4c4d,4
3,lmr,1,287.809,205678,-2075,4c4d,4
3,lmr,2,282.274,205678,-2075,4c4d,4
4,lmr,0,31.715,21452,-142,4h3h,4
4,lmr,1,37.072,21452,-142,4h3h,4
4,lmr,2,29.565,21452,-142,4h3h,4
5,lmr,0,63.399,48141,888,4e3f,4
5,lmr,1,69.312,48141,888,4e3f,4
5,lmr,2,66.461,48141,888,4e3f,4
6,lmr,0,118.302,82402,-148,G*7d,4
6,lmr,1,115.575,82402,-148,G*7d,4
6,lmr,2,163.364,82402,-148,G*7d,4
7,lmr,0,29.002,16222,-3314,4b3a,4
7,lmr,1,22.598,16222,-3314,4b3a,4
7,lmr,2,22.967,16222,-3314,4b3a,4
8,lmr,0,39.582,26765,-430,7a8b,4
8,lmr,1,39.036,26765,-430,7a8b,4
8,lmr,2,45.391,26765,-430,7a8b,4
9,lmr,0,10.653,7699,-750,6d6e,4
9,lmr,1,10.753,7699,-750,6d6e,4
9,lmr,2,10.801,7699,-750,6d6e,4
10,lmr,0,59.596,37546,-256,7e7f,4
10,lmr,1,56.836,37546,-256,7e7f,4
10,lmr,2,55.584,37546,-256,7e7f,4
11,lmr,0,38.597,25857,-371,5i4i,4
11,lmr,1,39.507,25857,-371,5i4i,4
11,lmr,2,38.573,25857,-371,5i4i,4
12,lmr,0,14.722,9401,65,8g8f,4
12,lmr,1,13.659,9401,65,8g8f,4
12,lmr,2,14.016,9401,65,8g8f,4
13,lmr,0,27.245,17157,-1171,2h4h,4
13,lmr,1,26.043,17157,-1171,2h4h,4
13,lmr,2,26.52,17157,-1171,2h4h,4
14,lmr,0,30.177,19491,-125,6f6e,4
14,lmr,1,30.303,19491,-125,6f6e,4
14,lmr,2,30.874,19491,-125,6f6e,4
15,lmr,0,24.48,17287,219,7h8g,4
15,lmr,1,25.472,17287,219,7h8g,4
15,lmr,2,25.658,17287,219,7h8g,4
0,history,0,74.36,52925,-2854,3b3a,4
0,history,1,77.811,52925,-2854,3b3a,4
0,history,2,73.884,52925,-2854,3b3a,4
1,history,0,18.631,12338,51,5c5d,4
1,history,1,24.724,12338,51,5c5d,4
1,history,2,18.835,12338,51,5c5d,4
2,history,0,71.147,45790,-3,2e2d,4
2,history,1,72.431,45790,-3,2e2d,4
2,history,2,71.703,45790,-3,2e2d,4
3,history,0,246.861,185499,-2293,6e5g+,4
3,history,1,245.668,185499,-2293,6e5g+,4
3,history,2,236.119,185499,-2293,6e5g+,4
4,history,0,65.254,44292,-150,4h3h,4
4,history,1,72.409,44292,-150,4h3h,4
4,history,2,66.958,44292,-150,4h3h,4
5,history,0,95.641,71788,749,4e3f,4
5,history,1,111.684,71788,749,4e3f,4
5,history,2,95.077,71788,749,4e3f,4
6,history,0,207.53,127138,-148,G*8c,4
6,history,1,189.495,127138,-148,G*8c,4
6,history,2,196.354,127138,-148,G*8c,4
7,history,0,50.423,33708,-2842,5c5d,4
7,history,1,48.387,33708,-2842,5c5d,4
7,history,2,49.227,33708,-2842,5c5d,4
8,history,0,62.803,44030,-430,7a8b,4
8,history,1,65.964,44030,-430,7a8b,4
8,history,2,64.429,44030,-430,7a8b,4
9,history,0,17.675,12397,-750,6d6e,4
9,history,1,17.083,12397,-750,6d6e,4
9,history,2,16.715,12397,-750,6d6e,4
10,history,0,82.924,55053,-401,4d2f,4
10,history,1,87.835,55053,-401,4d2f,4
10,history,2,89.267,55053,-401,4d2f,4
11,history,0,73.993,42701,-378,5i4i,4
11,history,1,66.182,42701,-378,5i4i,4
11,history,2,68.166,42701,-378,5i4i,4
12,history,0,22.698,13125,65,8g8f,4
12,history,1,21.918,13125,65,8g8f,4
12,history,2,20.196,13125,65,8g8f,4
13,history,0,44.525,27413,-1171,2h4h,4
13,history,1,42.208,27413,-1171,2h4h,4
13,history,2,44.621,27413,-1171,2h4h,4
14,history,0,51.546,33155,-125,6f6e,4
14,history,1,51.209,33155,-125,6f6e,4
14,history,2,52.11,33155,-125,6f6e,4
15,history,0,63.848,39075,206,7h8g,4
15,history,1,58.15,39075,206,7h8g,4
15,history,2,54.78,39075,206,7h8g,4
