depth,id,game,ms,variant,move,gap,common_eligible
12,0-28,0,1000,traditional,7f7e,0,True
12,0-28,0,1000,capture,7f7e,0,True
12,0-28,0,1000,lmr,7f7e,0,True
12,0-28,0,1000,adaptive,7f7e,0,True
12,0-28,0,1000,latest,7f7e,0,True
16,0-28,0,1000,traditional,7f7e,0,True
16,0-28,0,1000,capture,7f7e,0,True
16,0-28,0,1000,lmr,7f7e,0,True
16,0-28,0,1000,adaptive,7f7e,0,True
16,0-28,0,1000,latest,7f7e,0,True
12,0-28,0,300,traditional,7f7e,0,True
12,0-28,0,300,capture,7f7e,0,True
12,0-28,0,300,lmr,7f7e,0,True
12,0-28,0,300,adaptive,7f7e,0,True
12,0-28,0,300,latest,7f7e,0,True
16,0-28,0,300,traditional,7f7e,0,True
16,0-28,0,300,capture,7f7e,0,True
16,0-28,0,300,lmr,7f7e,0,True
16,0-28,0,300,adaptive,7f7e,0,True
16,0-28,0,300,latest,7f7e,0,True
12,0-28,0,3000,traditional,2f2e,98,True
12,0-28,0,3000,capture,2f2e,98,True
12,0-28,0,3000,lmr,7f7e,0,True
12,0-28,0,3000,adaptive,7f7e,0,True
12,0-28,0,3000,latest,7f7e,0,True
16,0-28,0,3000,traditional,2f2e,174,True
16,0-28,0,3000,capture,2f2e,174,True
16,0-28,0,3000,lmr,7f7e,0,True
16,0-28,0,3000,adaptive,7f7e,0,True
16,0-28,0,3000,latest,7f7e,0,True
12,0-28,0,5000,latest,7f7e,0,True
16,0-28,0,5000,latest,7f7e,0,True
12,0-44,0,1000,capture,8i7g,300,True
12,0-44,0,1000,lmr,2d2c+,456,True
12,0-44,0,1000,adaptive,2d2c,0,True
12,0-44,0,1000,latest,2d2c,0,True
12,0-44,0,1000,traditional,8i7g,300,True
16,0-44,0,1000,capture,8i7g,38,True
16,0-44,0,1000,lmr,2d2c+,349,True
16,0-44,0,1000,adaptive,2d2c,0,True
16,0-44,0,1000,latest,2d2c,0,True
16,0-44,0,1000,traditional,8i7g,38,True
12,0-44,0,300,capture,8i7g,300,True
12,0-44,0,300,lmr,8i7g,300,True
12,0-44,0,300,adaptive,2d2c,0,True
12,0-44,0,300,latest,2d2c,0,True
12,0-44,0,300,traditional,8i7g,300,True
16,0-44,0,300,capture,8i7g,38,True
16,0-44,0,300,lmr,8i7g,38,True
16,0-44,0,300,adaptive,2d2c,0,True
16,0-44,0,300,latest,2d2c,0,True
16,0-44,0,300,traditional,8i7g,38,True
12,0-44,0,3000,capture,8i7g,300,True
12,0-44,0,3000,lmr,2d2c+,456,True
12,0-44,0,3000,adaptive,2d2c,0,True
12,0-44,0,3000,latest,2d2c,0,True
12,0-44,0,3000,traditional,8i7g,300,True
16,0-44,0,3000,capture,8i7g,38,True
16,0-44,0,3000,lmr,2d2c+,349,True
16,0-44,0,3000,adaptive,2d2c,0,True
16,0-44,0,3000,latest,2d2c,0,True
16,0-44,0,3000,traditional,8i7g,38,True
12,0-44,0,5000,latest,2d2c,0,True
16,0-44,0,5000,latest,2d2c,0,True
12,0-60,0,1000,lmr,7h7g,0,True
12,0-60,0,1000,adaptive,7h7g,0,True
12,0-60,0,1000,latest,7h7g,0,True
12,0-60,0,1000,traditional,7h7g,0,True
12,0-60,0,1000,capture,7h7g,0,True
16,0-60,0,1000,lmr,7h7g,0,True
16,0-60,0,1000,adaptive,7h7g,0,True
16,0-60,0,1000,latest,7h7g,0,True
16,0-60,0,1000,traditional,7h7g,0,True
16,0-60,0,1000,capture,7h7g,0,True
12,0-60,0,300,lmr,7h7g,0,True
12,0-60,0,300,adaptive,7h7g,0,True
12,0-60,0,300,latest,7h7g,0,True
12,0-60,0,300,traditional,7h7g,0,True
12,0-60,0,300,capture,7h7g,0,True
16,0-60,0,300,lmr,7h7g,0,True
16,0-60,0,300,adaptive,7h7g,0,True
16,0-60,0,300,latest,7h7g,0,True
16,0-60,0,300,traditional,7h7g,0,True
16,0-60,0,300,capture,7h7g,0,True
12,0-60,0,3000,lmr,7h7g,0,True
12,0-60,0,3000,adaptive,7h7g,0,True
12,0-60,0,3000,latest,7h7g,0,True
12,0-60,0,3000,traditional,7h7g,0,True
12,0-60,0,3000,capture,7h7g,0,True
16,0-60,0,3000,lmr,7h7g,0,True
16,0-60,0,3000,adaptive,7h7g,0,True
16,0-60,0,3000,latest,7h7g,0,True
16,0-60,0,3000,traditional,7h7g,0,True
16,0-60,0,3000,capture,7h7g,0,True
12,0-60,0,5000,latest,7h7g,0,True
16,0-60,0,5000,latest,7h7g,0,True
12,1-28,1,1000,adaptive,2f2c+,0,True
12,1-28,1,1000,latest,2f2c+,0,True
12,1-28,1,1000,traditional,2f2c+,0,True
12,1-28,1,1000,capture,2f2c+,0,True
12,1-28,1,1000,lmr,2f2c+,0,True
16,1-28,1,1000,adaptive,2f2c+,0,True
16,1-28,1,1000,latest,2f2c+,0,True
16,1-28,1,1000,traditional,2f2c+,0,True
16,1-28,1,1000,capture,2f2c+,0,True
16,1-28,1,1000,lmr,2f2c+,0,True
12,1-28,1,300,adaptive,2f2c+,0,True
12,1-28,1,300,latest,2f2c+,0,True
12,1-28,1,300,traditional,2f2c+,0,True
12,1-28,1,300,capture,2f2c+,0,True
12,1-28,1,300,lmr,2f2c+,0,True
16,1-28,1,300,adaptive,2f2c+,0,True
16,1-28,1,300,latest,2f2c+,0,True
16,1-28,1,300,traditional,2f2c+,0,True
16,1-28,1,300,capture,2f2c+,0,True
16,1-28,1,300,lmr,2f2c+,0,True
12,1-28,1,3000,adaptive,2f2c+,0,True
12,1-28,1,3000,latest,2f2c+,0,True
12,1-28,1,3000,traditional,2f2c+,0,True
12,1-28,1,3000,capture,2f2c+,0,True
12,1-28,1,3000,lmr,2f2c+,0,True
16,1-28,1,3000,adaptive,2f2c+,0,True
16,1-28,1,3000,latest,2f2c+,0,True
16,1-28,1,3000,traditional,2f2c+,0,True
16,1-28,1,3000,capture,2f2c+,0,True
16,1-28,1,3000,lmr,2f2c+,0,True
12,1-28,1,5000,latest,2f2c+,0,True
16,1-28,1,5000,latest,2f2c+,0,True
12,1-44,1,1000,latest,2d3e,121,False
12,1-44,1,1000,traditional,2d3e,121,False
12,1-44,1,1000,capture,2d3e,121,False
12,1-44,1,1000,lmr,2d3e,121,False
12,1-44,1,1000,adaptive,2d3e,121,False
16,1-44,1,1000,latest,2d3e,,False
16,1-44,1,1000,traditional,2d3e,,False
16,1-44,1,1000,capture,2d3e,,False
16,1-44,1,1000,lmr,2d3e,,False
16,1-44,1,1000,adaptive,2d3e,,False
12,1-44,1,300,latest,7g3c+,0,False
12,1-44,1,300,traditional,2d3e,121,False
12,1-44,1,300,capture,2d3e,121,False
12,1-44,1,300,lmr,2d3e,121,False
12,1-44,1,300,adaptive,7g3c+,0,False
16,1-44,1,300,latest,7g3c+,,False
16,1-44,1,300,traditional,2d3e,,False
16,1-44,1,300,capture,2d3e,,False
16,1-44,1,300,lmr,2d3e,,False
16,1-44,1,300,adaptive,7g3c+,,False
12,1-44,1,3000,latest,2d3e,121,False
12,1-44,1,3000,traditional,2d3e,121,False
12,1-44,1,3000,capture,2d3e,121,False
12,1-44,1,3000,lmr,2d3e,121,False
12,1-44,1,3000,adaptive,2d3e,121,False
16,1-44,1,3000,latest,2d3e,,False
16,1-44,1,3000,traditional,2d3e,,False
16,1-44,1,3000,capture,2d3e,,False
16,1-44,1,3000,lmr,2d3e,,False
16,1-44,1,3000,adaptive,2d3e,,False
12,1-44,1,5000,latest,2d3e,121,False
16,1-44,1,5000,latest,2d3e,,False
12,1-60,1,1000,traditional,4b4a,0,False
12,1-60,1,1000,capture,4b4a,0,False
12,1-60,1,1000,lmr,4b4a,0,False
12,1-60,1,1000,adaptive,4b4a,0,False
12,1-60,1,1000,latest,4b4a,0,False
16,1-60,1,1000,traditional,4b4a,,False
16,1-60,1,1000,capture,4b4a,,False
16,1-60,1,1000,lmr,4b4a,,False
16,1-60,1,1000,adaptive,4b4a,,False
16,1-60,1,1000,latest,4b4a,,False
12,1-60,1,300,traditional,4b4a,0,False
12,1-60,1,300,capture,4b4a,0,False
12,1-60,1,300,lmr,4b4a,0,False
12,1-60,1,300,adaptive,4b4a,0,False
12,1-60,1,300,latest,4b4a,0,False
16,1-60,1,300,traditional,4b4a,,False
16,1-60,1,300,capture,4b4a,,False
16,1-60,1,300,lmr,4b4a,,False
16,1-60,1,300,adaptive,4b4a,,False
16,1-60,1,300,latest,4b4a,,False
12,1-60,1,3000,traditional,4b4a,0,False
12,1-60,1,3000,capture,4b4a,0,False
12,1-60,1,3000,lmr,4b4a,0,False
12,1-60,1,3000,adaptive,4b4a,0,False
12,1-60,1,3000,latest,4b4a,0,False
16,1-60,1,3000,traditional,4b4a,,False
16,1-60,1,3000,capture,4b4a,,False
16,1-60,1,3000,lmr,4b4a,,False
16,1-60,1,3000,adaptive,4b4a,,False
16,1-60,1,3000,latest,4b4a,,False
12,1-60,1,5000,latest,4b4a,0,False
16,1-60,1,5000,latest,4b4a,,False
12,2-28,2,1000,capture,7a9c+,199,True
12,2-28,2,1000,lmr,7a5c+,196,True
12,2-28,2,1000,adaptive,7a5c+,196,True
12,2-28,2,1000,latest,7a5c+,196,True
12,2-28,2,1000,traditional,7a9c+,199,True
16,2-28,2,1000,capture,7a9c+,178,True
16,2-28,2,1000,lmr,7a5c+,19,True
16,2-28,2,1000,adaptive,7a5c+,19,True
16,2-28,2,1000,latest,7a5c+,19,True
16,2-28,2,1000,traditional,7a9c+,178,True
12,2-28,2,300,capture,7a9c+,199,True
12,2-28,2,300,lmr,7a5c+,196,True
12,2-28,2,300,adaptive,7a5c+,196,True
12,2-28,2,300,latest,7a5c+,196,True
12,2-28,2,300,traditional,7a9c+,199,True
16,2-28,2,300,capture,7a9c+,178,True
16,2-28,2,300,lmr,7a5c+,19,True
16,2-28,2,300,adaptive,7a5c+,19,True
16,2-28,2,300,latest,7a5c+,19,True
16,2-28,2,300,traditional,7a9c+,178,True
12,2-28,2,3000,capture,7a5c+,196,True
12,2-28,2,3000,lmr,7a9c+,199,True
12,2-28,2,3000,adaptive,7a9c+,199,True
12,2-28,2,3000,latest,7a9c+,199,True
12,2-28,2,3000,traditional,7a5c+,196,True
16,2-28,2,3000,capture,7a5c+,19,True
16,2-28,2,3000,lmr,7a9c+,178,True
16,2-28,2,3000,adaptive,7a9c+,178,True
16,2-28,2,3000,latest,7a9c+,178,True
16,2-28,2,3000,traditional,7a5c+,19,True
12,2-28,2,5000,latest,7a9c+,199,True
16,2-28,2,5000,latest,7a9c+,178,True
12,2-44,2,1000,lmr,2f2h,0,True
12,2-44,2,1000,adaptive,2f2h,0,True
12,2-44,2,1000,latest,2f2h,0,True
12,2-44,2,1000,traditional,2f2h,0,True
12,2-44,2,1000,capture,2f2h,0,True
16,2-44,2,1000,lmr,2f2h,0,True
16,2-44,2,1000,adaptive,2f2h,0,True
16,2-44,2,1000,latest,2f2h,0,True
16,2-44,2,1000,traditional,2f2h,0,True
16,2-44,2,1000,capture,2f2h,0,True
12,2-44,2,300,lmr,2f2h,0,True
12,2-44,2,300,adaptive,2f2h,0,True
12,2-44,2,300,latest,2f2h,0,True
12,2-44,2,300,traditional,2f2h,0,True
12,2-44,2,300,capture,2f2h,0,True
16,2-44,2,300,lmr,2f2h,0,True
16,2-44,2,300,adaptive,2f2h,0,True
16,2-44,2,300,latest,2f2h,0,True
16,2-44,2,300,traditional,2f2h,0,True
16,2-44,2,300,capture,2f2h,0,True
12,2-44,2,3000,lmr,2f2h,0,True
12,2-44,2,3000,adaptive,2f2h,0,True
12,2-44,2,3000,latest,2f2h,0,True
12,2-44,2,3000,traditional,2f2h,0,True
12,2-44,2,3000,capture,2f2h,0,True
16,2-44,2,3000,lmr,2f2h,0,True
16,2-44,2,3000,adaptive,2f2h,0,True
16,2-44,2,3000,latest,2f2h,0,True
16,2-44,2,3000,traditional,2f2h,0,True
16,2-44,2,3000,capture,2f2h,0,True
12,2-44,2,5000,latest,2f2h,0,True
16,2-44,2,5000,latest,2f2h,0,True
12,2-60,2,1000,adaptive,2g3g,0,True
12,2-60,2,1000,latest,2g3g,0,True
12,2-60,2,1000,traditional,2g3g,0,True
12,2-60,2,1000,capture,2g3g,0,True
12,2-60,2,1000,lmr,2g3g,0,True
16,2-60,2,1000,adaptive,2g3g,0,True
16,2-60,2,1000,latest,2g3g,0,True
16,2-60,2,1000,traditional,2g3g,0,True
16,2-60,2,1000,capture,2g3g,0,True
16,2-60,2,1000,lmr,2g3g,0,True
12,2-60,2,300,adaptive,2g3g,0,True
12,2-60,2,300,latest,2g3g,0,True
12,2-60,2,300,traditional,2g3g,0,True
12,2-60,2,300,capture,2g3g,0,True
12,2-60,2,300,lmr,2g3g,0,True
16,2-60,2,300,adaptive,2g3g,0,True
16,2-60,2,300,latest,2g3g,0,True
16,2-60,2,300,traditional,2g3g,0,True
16,2-60,2,300,capture,2g3g,0,True
16,2-60,2,300,lmr,2g3g,0,True
12,2-60,2,3000,adaptive,2g3g,0,True
12,2-60,2,3000,latest,2g3g,0,True
12,2-60,2,3000,traditional,2g3g,0,True
12,2-60,2,3000,capture,2g3g,0,True
12,2-60,2,3000,lmr,2g3g,0,True
16,2-60,2,3000,adaptive,2g3g,0,True
16,2-60,2,3000,latest,2g3g,0,True
16,2-60,2,3000,traditional,2g3g,0,True
16,2-60,2,3000,capture,2g3g,0,True
16,2-60,2,3000,lmr,2g3g,0,True
12,2-60,2,5000,latest,2g3g,0,True
16,2-60,2,5000,latest,2g3g,0,True
12,3-28,3,1000,latest,6d9a,0,True
12,3-28,3,1000,traditional,6d9a+,66,True
12,3-28,3,1000,capture,6d9a+,66,True
12,3-28,3,1000,lmr,6d9a+,66,True
12,3-28,3,1000,adaptive,6d9a,0,True
16,3-28,3,1000,latest,6d9a,367,True
16,3-28,3,1000,traditional,6d9a+,0,True
16,3-28,3,1000,capture,6d9a+,0,True
16,3-28,3,1000,lmr,6d9a+,0,True
16,3-28,3,1000,adaptive,6d9a,367,True
12,3-28,3,300,latest,6d9a+,66,True
12,3-28,3,300,traditional,6d9a+,66,True
12,3-28,3,300,capture,6d9a+,66,True
12,3-28,3,300,lmr,6d9a+,66,True
12,3-28,3,300,adaptive,6d9a+,66,True
16,3-28,3,300,latest,6d9a+,0,True
16,3-28,3,300,traditional,6d9a+,0,True
16,3-28,3,300,capture,6d9a+,0,True
16,3-28,3,300,lmr,6d9a+,0,True
16,3-28,3,300,adaptive,6d9a+,0,True
12,3-28,3,3000,latest,6d9a,0,True
12,3-28,3,3000,traditional,6d9a+,66,True
12,3-28,3,3000,capture,6d9a+,66,True
12,3-28,3,3000,lmr,6d9a+,66,True
12,3-28,3,3000,adaptive,6d9a,0,True
16,3-28,3,3000,latest,6d9a,367,True
16,3-28,3,3000,traditional,6d9a+,0,True
16,3-28,3,3000,capture,6d9a+,0,True
16,3-28,3,3000,lmr,6d9a+,0,True
16,3-28,3,3000,adaptive,6d9a,367,True
12,3-28,3,5000,latest,6d9a+,66,True
16,3-28,3,5000,latest,6d9a+,0,True
12,3-44,3,1000,traditional,7d6d,64,True
12,3-44,3,1000,capture,7d6d,64,True
12,3-44,3,1000,lmr,7d6d,64,True
12,3-44,3,1000,adaptive,7d6d,64,True
12,3-44,3,1000,latest,7d6d,64,True
16,3-44,3,1000,traditional,7d6d,409,True
16,3-44,3,1000,capture,7d6d,409,True
16,3-44,3,1000,lmr,7d6d,409,True
16,3-44,3,1000,adaptive,7d6d,409,True
16,3-44,3,1000,latest,7d6d,409,True
12,3-44,3,300,traditional,7d6d,64,True
12,3-44,3,300,capture,7d6d,64,True
12,3-44,3,300,lmr,7d6d,64,True
12,3-44,3,300,adaptive,7d6d,64,True
12,3-44,3,300,latest,7d6d,64,True
16,3-44,3,300,traditional,7d6d,409,True
16,3-44,3,300,capture,7d6d,409,True
16,3-44,3,300,lmr,7d6d,409,True
16,3-44,3,300,adaptive,7d6d,409,True
16,3-44,3,300,latest,7d6d,409,True
12,3-44,3,3000,traditional,7d7e,0,True
12,3-44,3,3000,capture,7d7e,0,True
12,3-44,3,3000,lmr,7d6d,64,True
12,3-44,3,3000,adaptive,7d6d,64,True
12,3-44,3,3000,latest,7d6d,64,True
16,3-44,3,3000,traditional,7d7e,0,True
16,3-44,3,3000,capture,7d7e,0,True
16,3-44,3,3000,lmr,7d6d,409,True
16,3-44,3,3000,adaptive,7d6d,409,True
16,3-44,3,3000,latest,7d6d,409,True
12,3-44,3,5000,latest,7d6d,64,True
16,3-44,3,5000,latest,7d6d,409,True
12,3-60,3,1000,capture,5f4d,300,True
12,3-60,3,1000,lmr,5f4d,300,True
12,3-60,3,1000,adaptive,5f4d,300,True
12,3-60,3,1000,latest,5f4d,300,True
12,3-60,3,1000,traditional,5f4d,300,True
16,3-60,3,1000,capture,5f4d,214,True
16,3-60,3,1000,lmr,5f4d,214,True
16,3-60,3,1000,adaptive,5f4d,214,True
16,3-60,3,1000,latest,5f4d,214,True
16,3-60,3,1000,traditional,5f4d,214,True
12,3-60,3,300,capture,7b8b,0,True
12,3-60,3,300,lmr,5f4d,300,True
12,3-60,3,300,adaptive,5f4d,300,True
12,3-60,3,300,latest,5f4d,300,True
12,3-60,3,300,traditional,7b8b,0,True
16,3-60,3,300,capture,7b8b,59,True
16,3-60,3,300,lmr,5f4d,214,True
16,3-60,3,300,adaptive,5f4d,214,True
16,3-60,3,300,latest,5f4d,214,True
16,3-60,3,300,traditional,7b8b,59,True
12,3-60,3,3000,capture,5f4d,300,True
12,3-60,3,3000,lmr,5f4d,300,True
12,3-60,3,3000,adaptive,5f4d,300,True
12,3-60,3,3000,latest,5f4d,300,True
12,3-60,3,3000,traditional,5f4d,300,True
16,3-60,3,3000,capture,5f4d,214,True
16,3-60,3,3000,lmr,5f4d,214,True
16,3-60,3,3000,adaptive,5f4d,214,True
16,3-60,3,3000,latest,5f4d,214,True
16,3-60,3,3000,traditional,5f4d,214,True
12,3-60,3,5000,latest,7b7c,18,True
16,3-60,3,5000,latest,7b7c,0,True
12,4-28,4,1000,lmr,4h3g,0,True
12,4-28,4,1000,adaptive,4h4g,208,True
12,4-28,4,1000,latest,4h4g,208,True
12,4-28,4,1000,traditional,4h4g,208,True
12,4-28,4,1000,capture,4h4g,208,True
16,4-28,4,1000,lmr,4h3g,106,True
16,4-28,4,1000,adaptive,4h4g,0,True
16,4-28,4,1000,latest,4h4g,0,True
16,4-28,4,1000,traditional,4h4g,0,True
16,4-28,4,1000,capture,4h4g,0,True
12,4-28,4,300,lmr,4h3g,0,True
12,4-28,4,300,adaptive,4h3g,0,True
12,4-28,4,300,latest,4h3g,0,True
12,4-28,4,300,traditional,4h3g,0,True
12,4-28,4,300,capture,4h3g,0,True
16,4-28,4,300,lmr,4h3g,106,True
16,4-28,4,300,adaptive,4h3g,106,True
16,4-28,4,300,latest,4h3g,106,True
16,4-28,4,300,traditional,4h3g,106,True
16,4-28,4,300,capture,4h3g,106,True
12,4-28,4,3000,lmr,4h3g,0,True
12,4-28,4,3000,adaptive,4h3g,0,True
12,4-28,4,3000,latest,4h4g,208,True
12,4-28,4,3000,traditional,4h4g,208,True
12,4-28,4,3000,capture,4h4g,208,True
16,4-28,4,3000,lmr,4h3g,106,True
16,4-28,4,3000,adaptive,4h3g,106,True
16,4-28,4,3000,latest,4h4g,0,True
16,4-28,4,3000,traditional,4h4g,0,True
16,4-28,4,3000,capture,4h4g,0,True
12,4-28,4,5000,latest,4h4g,208,True
16,4-28,4,5000,latest,4h4g,0,True
12,4-44,4,1000,adaptive,3f3e,189,True
12,4-44,4,1000,latest,7i8h,0,True
12,4-44,4,1000,traditional,4f4e,371,True
12,4-44,4,1000,capture,4f4e,371,True
12,4-44,4,1000,lmr,8f8e,224,True
16,4-44,4,1000,adaptive,3f3e,318,True
16,4-44,4,1000,latest,7i8h,212,True
16,4-44,4,1000,traditional,4f4e,418,True
16,4-44,4,1000,capture,4f4e,418,True
16,4-44,4,1000,lmr,8f8e,525,True
12,4-44,4,300,adaptive,3f3e,189,True
12,4-44,4,300,latest,7i8h,0,True
12,4-44,4,300,traditional,4f4e,371,True
12,4-44,4,300,capture,4f4e,371,True
12,4-44,4,300,lmr,3f3e,189,True
16,4-44,4,300,adaptive,3f3e,318,True
16,4-44,4,300,latest,7i8h,212,True
16,4-44,4,300,traditional,4f4e,418,True
16,4-44,4,300,capture,4f4e,418,True
16,4-44,4,300,lmr,3f3e,318,True
12,4-44,4,3000,adaptive,8f8e,224,True
12,4-44,4,3000,latest,7i8h,0,True
12,4-44,4,3000,traditional,8f8e,224,True
12,4-44,4,3000,capture,8f8e,224,True
12,4-44,4,3000,lmr,8f8e,224,True
16,4-44,4,3000,adaptive,8f8e,525,True
16,4-44,4,3000,latest,7i8h,212,True
16,4-44,4,3000,traditional,8f8e,525,True
16,4-44,4,3000,capture,8f8e,525,True
16,4-44,4,3000,lmr,8f8e,525,True
12,4-44,4,5000,latest,7i8h,0,True
16,4-44,4,5000,latest,7i8h,212,True
12,4-60,4,1000,latest,7i7h,,False
12,4-60,4,1000,traditional,7i7h,,False
12,4-60,4,1000,capture,7i7h,,False
12,4-60,4,1000,lmr,7i7h,,False
12,4-60,4,1000,adaptive,7i7h,,False
16,4-60,4,1000,latest,7i7h,,False
16,4-60,4,1000,traditional,7i7h,,False
16,4-60,4,1000,capture,7i7h,,False
16,4-60,4,1000,lmr,7i7h,,False
16,4-60,4,1000,adaptive,7i7h,,False
12,4-60,4,300,latest,7i7h,,False
12,4-60,4,300,traditional,7i7h,,False
12,4-60,4,300,capture,7i7h,,False
12,4-60,4,300,lmr,7i7h,,False
12,4-60,4,300,adaptive,7i7h,,False
16,4-60,4,300,latest,7i7h,,False
16,4-60,4,300,traditional,7i7h,,False
16,4-60,4,300,capture,7i7h,,False
16,4-60,4,300,lmr,7i7h,,False
16,4-60,4,300,adaptive,7i7h,,False
12,4-60,4,3000,latest,7i7h,,False
12,4-60,4,3000,traditional,7i7h,,False
12,4-60,4,3000,capture,7i7h,,False
12,4-60,4,3000,lmr,7i7h,,False
12,4-60,4,3000,adaptive,7i7h,,False
16,4-60,4,3000,latest,7i7h,,False
16,4-60,4,3000,traditional,7i7h,,False
16,4-60,4,3000,capture,7i7h,,False
16,4-60,4,3000,lmr,7i7h,,False
16,4-60,4,3000,adaptive,7i7h,,False
12,4-60,4,5000,latest,7i7h,,False
16,4-60,4,5000,latest,7i7h,,False
12,5-28,5,1000,traditional,8i7g,0,True
12,5-28,5,1000,capture,8i7g,0,True
12,5-28,5,1000,lmr,8i7g,0,True
12,5-28,5,1000,adaptive,8i7g,0,True
12,5-28,5,1000,latest,8i7g,0,True
16,5-28,5,1000,traditional,8i7g,0,True
16,5-28,5,1000,capture,8i7g,0,True
16,5-28,5,1000,lmr,8i7g,0,True
16,5-28,5,1000,adaptive,8i7g,0,True
16,5-28,5,1000,latest,8i7g,0,True
12,5-28,5,300,traditional,8i7g,0,True
12,5-28,5,300,capture,8i7g,0,True
12,5-28,5,300,lmr,8i7g,0,True
12,5-28,5,300,adaptive,8i7g,0,True
12,5-28,5,300,latest,8i7g,0,True
16,5-28,5,300,traditional,8i7g,0,True
16,5-28,5,300,capture,8i7g,0,True
16,5-28,5,300,lmr,8i7g,0,True
16,5-28,5,300,adaptive,8i7g,0,True
16,5-28,5,300,latest,8i7g,0,True
12,5-28,5,3000,traditional,8i7g,0,True
12,5-28,5,3000,capture,8i7g,0,True
12,5-28,5,3000,lmr,8i7g,0,True
12,5-28,5,3000,adaptive,8i7g,0,True
12,5-28,5,3000,latest,8i7g,0,True
16,5-28,5,3000,traditional,8i7g,0,True
16,5-28,5,3000,capture,8i7g,0,True
16,5-28,5,3000,lmr,8i7g,0,True
16,5-28,5,3000,adaptive,8i7g,0,True
16,5-28,5,3000,latest,8i7g,0,True
12,5-28,5,5000,latest,8i7g,0,True
16,5-28,5,5000,latest,8i7g,0,True
12,5-44,5,1000,capture,P*6b,0,True
12,5-44,5,1000,lmr,P*6b,0,True
12,5-44,5,1000,adaptive,P*6b,0,True
12,5-44,5,1000,latest,P*6b,0,True
12,5-44,5,1000,traditional,P*6b,0,True
16,5-44,5,1000,capture,P*6b,0,True
16,5-44,5,1000,lmr,P*6b,0,True
16,5-44,5,1000,adaptive,P*6b,0,True
16,5-44,5,1000,latest,P*6b,0,True
16,5-44,5,1000,traditional,P*6b,0,True
12,5-44,5,300,capture,P*6b,0,True
12,5-44,5,300,lmr,P*6b,0,True
12,5-44,5,300,adaptive,P*6b,0,True
12,5-44,5,300,latest,P*6b,0,True
12,5-44,5,300,traditional,P*6b,0,True
16,5-44,5,300,capture,P*6b,0,True
16,5-44,5,300,lmr,P*6b,0,True
16,5-44,5,300,adaptive,P*6b,0,True
16,5-44,5,300,latest,P*6b,0,True
16,5-44,5,300,traditional,P*6b,0,True
12,5-44,5,3000,capture,P*6b,0,True
12,5-44,5,3000,lmr,P*6b,0,True
12,5-44,5,3000,adaptive,P*6b,0,True
12,5-44,5,3000,latest,P*6b,0,True
12,5-44,5,3000,traditional,P*6b,0,True
16,5-44,5,3000,capture,P*6b,0,True
16,5-44,5,3000,lmr,P*6b,0,True
16,5-44,5,3000,adaptive,P*6b,0,True
16,5-44,5,3000,latest,P*6b,0,True
16,5-44,5,3000,traditional,P*6b,0,True
12,5-44,5,5000,latest,P*6b,0,True
16,5-44,5,5000,latest,P*6b,0,True
12,5-60,5,1000,lmr,N*4e,779,True
12,5-60,5,1000,adaptive,N*4e,779,True
12,5-60,5,1000,latest,N*4e,779,True
12,5-60,5,1000,traditional,N*4e,779,True
12,5-60,5,1000,capture,N*4e,779,True
16,5-60,5,1000,lmr,N*4e,706,True
16,5-60,5,1000,adaptive,N*4e,706,True
16,5-60,5,1000,latest,N*4e,706,True
16,5-60,5,1000,traditional,N*4e,706,True
16,5-60,5,1000,capture,N*4e,706,True
12,5-60,5,300,lmr,N*4e,779,True
12,5-60,5,300,adaptive,N*4e,779,True
12,5-60,5,300,latest,N*4e,779,True
12,5-60,5,300,traditional,N*4e,779,True
12,5-60,5,300,capture,N*4e,779,True
16,5-60,5,300,lmr,N*4e,706,True
16,5-60,5,300,adaptive,N*4e,706,True
16,5-60,5,300,latest,N*4e,706,True
16,5-60,5,300,traditional,N*4e,706,True
16,5-60,5,300,capture,N*4e,706,True
12,5-60,5,3000,lmr,N*4e,779,True
12,5-60,5,3000,adaptive,N*4e,779,True
12,5-60,5,3000,latest,N*4e,779,True
12,5-60,5,3000,traditional,N*4e,779,True
12,5-60,5,3000,capture,N*4e,779,True
16,5-60,5,3000,lmr,N*4e,706,True
16,5-60,5,3000,adaptive,N*4e,706,True
16,5-60,5,3000,latest,N*4e,706,True
16,5-60,5,3000,traditional,N*4e,706,True
16,5-60,5,3000,capture,N*4e,706,True
12,5-60,5,5000,latest,N*4e,779,True
16,5-60,5,5000,latest,N*4e,706,True
12,6-28,6,1000,adaptive,3h2h,7,True
12,6-28,6,1000,latest,B*5f,0,True
12,6-28,6,1000,traditional,3h2h,7,True
12,6-28,6,1000,capture,3h2h,7,True
12,6-28,6,1000,lmr,B*5f,0,True
16,6-28,6,1000,adaptive,3h2h,0,True
16,6-28,6,1000,latest,B*5f,0,True
16,6-28,6,1000,traditional,3h2h,0,True
16,6-28,6,1000,capture,3h2h,0,True
16,6-28,6,1000,lmr,B*5f,0,True
12,6-28,6,300,adaptive,3h2h,7,True
12,6-28,6,300,latest,3h2h,7,True
12,6-28,6,300,traditional,3h2h,7,True
12,6-28,6,300,capture,3h2h,7,True
12,6-28,6,300,lmr,3h2h,7,True
16,6-28,6,300,adaptive,3h2h,0,True
16,6-28,6,300,latest,3h2h,0,True
16,6-28,6,300,traditional,3h2h,0,True
16,6-28,6,300,capture,3h2h,0,True
16,6-28,6,300,lmr,3h2h,0,True
12,6-28,6,3000,adaptive,3h2h,7,True
12,6-28,6,3000,latest,B*5f,0,True
12,6-28,6,3000,traditional,B*5f,0,True
12,6-28,6,3000,capture,B*5f,0,True
12,6-28,6,3000,lmr,B*5f,0,True
16,6-28,6,3000,adaptive,3h2h,0,True
16,6-28,6,3000,latest,B*5f,0,True
16,6-28,6,3000,traditional,B*5f,0,True
16,6-28,6,3000,capture,B*5f,0,True
16,6-28,6,3000,lmr,B*5f,0,True
12,6-28,6,5000,latest,B*5f,0,True
16,6-28,6,5000,latest,B*5f,0,True
12,6-44,6,1000,latest,1h1g,0,True
12,6-44,6,1000,traditional,1h1g,0,True
12,6-44,6,1000,capture,1h1g,0,True
12,6-44,6,1000,lmr,1h1g,0,True
12,6-44,6,1000,adaptive,1h1g,0,True
16,6-44,6,1000,latest,1h1g,0,True
16,6-44,6,1000,traditional,1h1g,0,True
16,6-44,6,1000,capture,1h1g,0,True
16,6-44,6,1000,lmr,1h1g,0,True
16,6-44,6,1000,adaptive,1h1g,0,True
12,6-44,6,300,latest,1h1g,0,True
12,6-44,6,300,traditional,1h1g,0,True
12,6-44,6,300,capture,1h1g,0,True
12,6-44,6,300,lmr,1h1g,0,True
12,6-44,6,300,adaptive,1h1g,0,True
16,6-44,6,300,latest,1h1g,0,True
16,6-44,6,300,traditional,1h1g,0,True
16,6-44,6,300,capture,1h1g,0,True
16,6-44,6,300,lmr,1h1g,0,True
16,6-44,6,300,adaptive,1h1g,0,True
12,6-44,6,3000,latest,1h1g,0,True
12,6-44,6,3000,traditional,1h1g,0,True
12,6-44,6,3000,capture,1h1g,0,True
12,6-44,6,3000,lmr,1h1g,0,True
12,6-44,6,3000,adaptive,1h1g,0,True
16,6-44,6,3000,latest,1h1g,0,True
16,6-44,6,3000,traditional,1h1g,0,True
16,6-44,6,3000,capture,1h1g,0,True
16,6-44,6,3000,lmr,1h1g,0,True
16,6-44,6,3000,adaptive,1h1g,0,True
12,6-44,6,5000,latest,1h1g,0,True
16,6-44,6,5000,latest,1h1g,0,True
12,6-60,6,1000,traditional,2b3a,0,True
12,6-60,6,1000,capture,2b3a,0,True
12,6-60,6,1000,lmr,2b3a,0,True
12,6-60,6,1000,adaptive,2b3a,0,True
12,6-60,6,1000,latest,2b3a,0,True
16,6-60,6,1000,traditional,2b3a,0,True
16,6-60,6,1000,capture,2b3a,0,True
16,6-60,6,1000,lmr,2b3a,0,True
16,6-60,6,1000,adaptive,2b3a,0,True
16,6-60,6,1000,latest,2b3a,0,True
12,6-60,6,300,traditional,2b3b,160,True
12,6-60,6,300,capture,2b3b,160,True
12,6-60,6,300,lmr,2b3a,0,True
12,6-60,6,300,adaptive,4e3c,196,True
12,6-60,6,300,latest,4e3c,196,True
16,6-60,6,300,traditional,2b3b,69,True
16,6-60,6,300,capture,2b3b,69,True
16,6-60,6,300,lmr,2b3a,0,True
16,6-60,6,300,adaptive,4e3c,648,True
16,6-60,6,300,latest,4e3c,648,True
12,6-60,6,3000,traditional,2b3a,0,True
12,6-60,6,3000,capture,2b3a,0,True
12,6-60,6,3000,lmr,2b3a,0,True
12,6-60,6,3000,adaptive,2b3a,0,True
12,6-60,6,3000,latest,2b3a,0,True
16,6-60,6,3000,traditional,2b3a,0,True
16,6-60,6,3000,capture,2b3a,0,True
16,6-60,6,3000,lmr,2b3a,0,True
16,6-60,6,3000,adaptive,2b3a,0,True
16,6-60,6,3000,latest,2b3a,0,True
12,6-60,6,5000,latest,2b3a,0,True
16,6-60,6,5000,latest,2b3a,0,True
12,7-28,7,1000,capture,5e8b,0,True
12,7-28,7,1000,lmr,5e8b+,68,True
12,7-28,7,1000,adaptive,5e8b+,68,True
12,7-28,7,1000,latest,5e8b+,68,True
12,7-28,7,1000,traditional,5e8b,0,True
16,7-28,7,1000,capture,5e8b,0,True
16,7-28,7,1000,lmr,5e8b+,0,True
16,7-28,7,1000,adaptive,5e8b+,0,True
16,7-28,7,1000,latest,5e8b+,0,True
16,7-28,7,1000,traditional,5e8b,0,True
12,7-28,7,300,capture,5e8b,0,True
12,7-28,7,300,lmr,5e8b+,68,True
12,7-28,7,300,adaptive,5e8b,0,True
12,7-28,7,300,latest,5e8b,0,True
12,7-28,7,300,traditional,5e8b,0,True
16,7-28,7,300,capture,5e8b,0,True
16,7-28,7,300,lmr,5e8b+,0,True
16,7-28,7,300,adaptive,5e8b,0,True
16,7-28,7,300,latest,5e8b,0,True
16,7-28,7,300,traditional,5e8b,0,True
12,7-28,7,3000,capture,5e8b,0,True
12,7-28,7,3000,lmr,5e8b+,68,True
12,7-28,7,3000,adaptive,5e8b+,68,True
12,7-28,7,3000,latest,5e8b+,68,True
12,7-28,7,3000,traditional,5e8b,0,True
16,7-28,7,3000,capture,5e8b,0,True
16,7-28,7,3000,lmr,5e8b+,0,True
16,7-28,7,3000,adaptive,5e8b+,0,True
16,7-28,7,3000,latest,5e8b+,0,True
16,7-28,7,3000,traditional,5e8b,0,True
12,7-28,7,5000,latest,5e8b+,68,True
16,7-28,7,5000,latest,5e8b+,0,True
12,7-44,7,1000,lmr,7d7c,231,True
12,7-44,7,1000,adaptive,7d7c,231,True
12,7-44,7,1000,latest,7d7c,231,True
12,7-44,7,1000,traditional,7d7c,231,True
12,7-44,7,1000,capture,7d7c,231,True
16,7-44,7,1000,lmr,7d7c,310,True
16,7-44,7,1000,adaptive,7d7c,310,True
16,7-44,7,1000,latest,7d7c,310,True
16,7-44,7,1000,traditional,7d7c,310,True
16,7-44,7,1000,capture,7d7c,310,True
12,7-44,7,300,lmr,7d7c,231,True
12,7-44,7,300,adaptive,7d7c+,0,True
12,7-44,7,300,latest,7d7c+,0,True
12,7-44,7,300,traditional,7d7c+,0,True
12,7-44,7,300,capture,7d7c+,0,True
16,7-44,7,300,lmr,7d7c,310,True
16,7-44,7,300,adaptive,7d7c+,0,True
16,7-44,7,300,latest,7d7c+,0,True
16,7-44,7,300,traditional,7d7c+,0,True
16,7-44,7,300,capture,7d7c+,0,True
12,7-44,7,3000,lmr,7d7c+,0,True
12,7-44,7,3000,adaptive,7d7c+,0,True
12,7-44,7,3000,latest,7d7c+,0,True
12,7-44,7,3000,traditional,7d7c,231,True
12,7-44,7,3000,capture,7d7c,231,True
16,7-44,7,3000,lmr,7d7c+,0,True
16,7-44,7,3000,adaptive,7d7c+,0,True
16,7-44,7,3000,latest,7d7c+,0,True
16,7-44,7,3000,traditional,7d7c,310,True
16,7-44,7,3000,capture,7d7c,310,True
12,7-44,7,5000,latest,7d7c+,0,True
16,7-44,7,5000,latest,7d7c+,0,True
12,7-60,7,1000,adaptive,6h7g,0,True
12,7-60,7,1000,latest,6h7g,0,True
12,7-60,7,1000,traditional,6h7g,0,True
12,7-60,7,1000,capture,6h7g,0,True
12,7-60,7,1000,lmr,6h7g,0,True
16,7-60,7,1000,adaptive,6h7g,0,True
16,7-60,7,1000,latest,6h7g,0,True
16,7-60,7,1000,traditional,6h7g,0,True
16,7-60,7,1000,capture,6h7g,0,True
16,7-60,7,1000,lmr,6h7g,0,True
12,7-60,7,300,adaptive,6h7g,0,True
12,7-60,7,300,latest,6h7g,0,True
12,7-60,7,300,traditional,6h7g,0,True
12,7-60,7,300,capture,6h7g,0,True
12,7-60,7,300,lmr,6h7g,0,True
16,7-60,7,300,adaptive,6h7g,0,True
16,7-60,7,300,latest,6h7g,0,True
16,7-60,7,300,traditional,6h7g,0,True
16,7-60,7,300,capture,6h7g,0,True
16,7-60,7,300,lmr,6h7g,0,True
12,7-60,7,3000,adaptive,6h7g,0,True
12,7-60,7,3000,latest,6h7g,0,True
12,7-60,7,3000,traditional,6h7g,0,True
12,7-60,7,3000,capture,6h7g,0,True
12,7-60,7,3000,lmr,6h7g,0,True
16,7-60,7,3000,adaptive,6h7g,0,True
16,7-60,7,3000,latest,6h7g,0,True
16,7-60,7,3000,traditional,6h7g,0,True
16,7-60,7,3000,capture,6h7g,0,True
16,7-60,7,3000,lmr,6h7g,0,True
12,7-60,7,5000,latest,6h7g,0,True
16,7-60,7,5000,latest,6h7g,0,True
