depth,ms,variant,n,gap,over100
12,300,traditional,23,89.8695652173913,6
12,300,capture,23,89.8695652173913,6
12,300,lmr,23,100.91304347826087,7
12,300,adaptive,23,78.1304347826087,5
12,300,latest,23,69.91304347826087,4
12,1000,traditional,23,115.04347826086956,8
12,1000,capture,23,115.04347826086956,8
12,1000,lmr,23,108.91304347826087,7
12,1000,adaptive,23,94.04347826086956,7
12,1000,latest,23,85.52173913043478,6
12,3000,traditional,23,109.69565217391305,8
12,3000,capture,23,109.69565217391305,8
12,3000,lmr,23,99.0,6
12,3000,adaptive,23,76.6086956521739,5
12,3000,latest,23,75.6086956521739,5
12,5000,latest,23,66.21739130434783,4
16,300,traditional,21,94.42857142857143,5
16,300,capture,21,94.42857142857143,5
16,300,lmr,21,100.95238095238095,6
16,300,adaptive,21,115.23809523809524,6
16,300,latest,21,110.19047619047619,6
16,1000,traditional,21,108.23809523809524,6
16,1000,capture,21,108.23809523809524,6
16,1000,lmr,21,125.61904761904762,7
16,1000,adaptive,21,111.57142857142857,6
16,1000,latest,21,106.52380952380952,6
16,3000,traditional,21,94.57142857142857,5
16,3000,capture,21,94.57142857142857,5
16,3000,lmr,21,118.42857142857143,7
16,3000,adaptive,21,119.28571428571429,7
16,3000,latest,21,99.33333333333333,6
16,5000,latest,21,71.66666666666667,4
