depth,a,a_ms,b,b_ms,n,delta,ci,improved,same,worse
12,latest,300,capture,300,23,-19.956521739130434,"[-71.62857142857142, 26.375]",4,17,2
12,latest,300,lmr,300,23,-31.0,"[-71.5909090909091, 7.0]",5,17,1
12,latest,300,adaptive,300,23,-8.217391304347826,"[-27.0, 0.0]",1,22,0
12,capture,300,traditional,300,23,0.0,"[0.0, 0.0]",0,23,0
12,latest,1000,capture,1000,23,-29.52173913043478,"[-72.18181818181819, 2.4166666666666665]",5,17,1
12,latest,1000,lmr,1000,23,-23.391304347826086,"[-63.04347826086956, -0.6956521739130435]",3,19,1
12,latest,1000,adaptive,1000,23,-8.521739130434783,"[-27.333333333333332, 0.0]",2,21,0
12,capture,1000,traditional,1000,23,0.0,"[0.0, 0.0]",0,23,0
12,latest,3000,capture,3000,23,-34.08695652173913,"[-72.7, -6.5406250000000155]",5,15,3
12,latest,3000,lmr,3000,23,-23.391304347826086,"[-63.04347826086956, -0.6956521739130435]",3,19,1
12,latest,3000,adaptive,3000,23,-1.0,"[-2.619047619047619, 0.0]",2,20,1
12,capture,3000,traditional,3000,23,0.0,"[0.0, 0.0]",0,23,0
16,latest,300,capture,300,21,15.761904761904763,"[-36.588235294117645, 80.04347826086956]",3,16,2
16,latest,300,lmr,300,21,9.238095238095237,"[-48.333333333333336, 83.9047619047619]",3,17,1
16,latest,300,adaptive,300,21,-5.0476190476190474,"[-16.736842105263158, 0.0]",1,20,0
16,capture,300,traditional,300,21,0.0,"[0.0, 0.0]",0,21,0
16,latest,1000,capture,1000,21,-1.7142857142857142,"[-40.89473684210526, 42.81818181818182]",3,17,1
16,latest,1000,lmr,1000,21,-19.095238095238095,"[-84.52631578947368, 36.7]",3,17,1
16,latest,1000,adaptive,1000,21,-5.0476190476190474,"[-16.736842105263158, 0.0]",1,20,0
16,capture,1000,traditional,1000,21,0.0,"[0.0, 0.0]",0,21,0
16,latest,3000,capture,3000,21,4.761904761904762,"[-73.14216507177034, 97.21145833333328]",4,14,3
16,latest,3000,lmr,3000,21,-19.095238095238095,"[-84.52631578947368, 36.7]",3,17,1
16,latest,3000,adaptive,3000,21,-19.952380952380953,"[-66.15789473684211, 0.0]",2,19,0
16,capture,3000,traditional,3000,21,0.0,"[0.0, 0.0]",0,21,0
