id,game,rep,variant,nodes,elapsed_ms,wall_ms
0-28,0,0,nocache,100000,185.594,239.072835
0-28,0,0,latest,100000,163.962,214.61739300000005
0-28,0,0,scalar,100000,317.17,370.91159100000004
0-28,0,1,latest,100000,177.009,253.95615800000087
0-28,0,1,scalar,100000,330.702,380.7873900000013
0-28,0,1,nocache,100000,179.243,226.52706699999908
0-28,0,2,scalar,100000,317.799,365.4505480000007
0-28,0,2,nocache,100000,188.067,240.8070000000007
0-28,0,2,latest,100000,159.295,208.5018640000053
0-44,0,0,latest,100000,151.708,199.46674600000006
0-44,0,0,scalar,100000,301.989,349.268065
0-44,0,0,nocache,100000,174.476,221.278859
0-44,0,1,scalar,100000,294.778,347.68617500000255
0-44,0,1,nocache,100000,165.048,210.22085300000253
0-44,0,1,latest,100000,148.123,198.05407299999933
0-44,0,2,nocache,100000,166.496,214.46818099999655
0-44,0,2,latest,100000,157.146,204.4077529999995
0-44,0,2,scalar,100000,316.74,367.5335750000013
0-60,0,0,scalar,100000,303.21,347.76633600000014
0-60,0,0,nocache,100000,168.705,223.6541769999999
0-60,0,0,latest,100000,143.687,191.33354700000018
0-60,0,1,nocache,100000,155.178,200.34809299999688
0-60,0,1,latest,100000,141.444,188.23899900000106
0-60,0,1,scalar,100000,303.495,348.3923399999985
0-60,0,2,latest,100000,130.641,181.03837800000474
0-60,0,2,scalar,100000,293.255,338.0312019999983
0-60,0,2,nocache,100000,152.732,202.16058399999747
1-28,1,0,nocache,100000,156.938,202.4334200000003
1-28,1,0,latest,100000,143.066,194.13489400000026
1-28,1,0,scalar,100000,278.311,325.96773699999994
1-28,1,1,latest,100000,129.56,175.78192200000194
1-28,1,1,scalar,100000,285.461,334.8660380000001
1-28,1,1,nocache,100000,163.301,212.8028430000013
1-28,1,2,scalar,100000,277.388,327.1146910000025
1-28,1,2,nocache,100000,148.926,194.95452400000067
1-28,1,2,latest,100000,126.668,176.20650199999363
1-44,1,0,latest,100000,161.387,213.9011459999997
1-44,1,0,scalar,100000,375.684,424.16023700000005
1-44,1,0,nocache,100000,154.653,201.4005619999998
1-44,1,1,scalar,100000,296.973,341.79739300000074
1-44,1,1,nocache,100000,160.974,208.54657299999963
1-44,1,1,latest,100000,160.116,211.1913429999986
1-44,1,2,nocache,100000,158.08,203.42880100000184
1-44,1,2,latest,100000,159.219,211.84071300000505
1-44,1,2,scalar,100000,282.314,328.43159500000183
1-60,1,0,scalar,100000,292.126,339.43639900000016
1-60,1,0,nocache,100000,158.232,205.2234239999998
1-60,1,0,latest,100000,153.575,200.50766599999952
1-60,1,1,nocache,100000,152.497,201.12677199999962
1-60,1,1,latest,100000,147.199,196.04723100000047
1-60,1,1,scalar,100000,293.537,339.3921650000011
1-60,1,2,latest,100000,144.552,193.8124919999973
1-60,1,2,scalar,100000,291.786,338.2306480000043
1-60,1,2,nocache,100000,160.845,206.70754599999782
2-28,2,0,nocache,100000,183.771,259.83516299999974
2-28,2,0,latest,100000,193.977,250.9979540000004
2-28,2,0,scalar,100000,316.097,364.42969900000026
2-28,2,1,latest,100000,183.427,234.46632600000157
2-28,2,1,scalar,100000,339.734,388.9953489999971
2-28,2,1,nocache,100000,180.065,227.94574699999794
2-28,2,2,scalar,100000,341.491,392.68167600000015
2-28,2,2,nocache,100000,185.471,234.9456469999932
2-28,2,2,latest,100000,190.755,252.14938499999698
2-44,2,0,latest,100000,175.532,225.2045790000002
2-44,2,0,scalar,100000,335.024,383.5450689999998
2-44,2,0,nocache,100000,190.234,238.7118360000004
2-44,2,1,scalar,100000,337.982,387.498220999998
2-44,2,1,nocache,100000,221.532,268.2110070000017
2-44,2,1,latest,100000,192.226,248.16619999999966
2-44,2,2,nocache,100000,193.107,244.31090699999913
2-44,2,2,latest,100000,187.496,236.06915399999707
2-44,2,2,scalar,100000,361.184,412.656038000001
2-60,2,0,scalar,100000,355.421,406.7066679999998
2-60,2,0,nocache,100000,211.004,261.85306799999944
2-60,2,0,latest,100000,186.501,237.9450569999999
2-60,2,1,nocache,100000,206.406,260.9988489999996
2-60,2,1,latest,100000,181.727,240.2999409999975
2-60,2,1,scalar,100000,360.946,417.1947309999996
2-60,2,2,latest,100000,190.768,241.9079469999997
2-60,2,2,scalar,100000,355.285,407.22972099999606
2-60,2,2,nocache,100000,212.89,264.2503429999997
3-28,3,0,nocache,100000,183.161,230.53912799999944
3-28,3,0,latest,100000,165.08,216.28225500000008
3-28,3,0,scalar,100000,316.784,365.43842399999903
3-28,3,1,latest,100000,157.104,204.79954200000066
3-28,3,1,scalar,100000,319.654,367.7663360000006
3-28,3,1,nocache,100000,178.209,225.88328600000023
3-28,3,2,scalar,100000,312.437,361.709382999994
3-28,3,2,nocache,100000,170.863,218.97603700000036
3-28,3,2,latest,100000,153.123,204.45829499999672
3-44,3,0,latest,100000,179.307,230.50209200000063
3-44,3,0,scalar,100000,327.864,375.7386400000014
3-44,3,0,nocache,100000,185.38,234.35220800000025
3-44,3,1,scalar,100000,318.377,365.96929100000125
3-44,3,1,nocache,100000,192.902,239.45682999999917
3-44,3,1,latest,100000,167.864,216.98132299999997
3-44,3,2,nocache,100000,194.583,241.72361299999466
3-44,3,2,latest,100000,178.004,228.86437000000296
3-44,3,2,scalar,100000,314.395,361.3699510000006
3-60,3,0,scalar,100000,315.998,367.38085300000057
3-60,3,0,nocache,100000,193.749,239.97716299999956
3-60,3,0,latest,100000,183.53,234.15448199999992
3-60,3,1,nocache,100000,182.858,229.68485599999985
3-60,3,1,latest,100000,169.189,216.36165900000196
3-60,3,1,scalar,100000,330.227,380.44902
3-60,3,2,latest,100000,172.337,221.76106199999776
3-60,3,2,scalar,100000,323.649,370.86424600000464
3-60,3,2,nocache,100000,181.28,229.16673699999956
4-28,4,0,nocache,100000,184.547,236.45329800000036
4-28,4,0,latest,100000,218.712,271.6191880000006
4-28,4,0,scalar,100000,342.828,396.57753500000035
4-28,4,1,latest,100000,179,229.41549899999882
4-28,4,1,scalar,100000,326.29,379.882286
4-28,4,1,nocache,100000,195.331,250.1367140000002
4-28,4,2,scalar,100000,330.729,385.1728430000003
4-28,4,2,nocache,100000,186.62,236.19677200000297
4-28,4,2,latest,100000,187.831,241.1888919999983
4-44,4,0,latest,100000,147.84,199.54686199999924
4-44,4,0,scalar,100000,281.791,327.7510750000001
4-44,4,0,nocache,100000,163.299,208.72308899999916
4-44,4,1,scalar,100000,318.674,371.18627899999774
4-44,4,1,nocache,100000,169.506,219.8615150000005
4-44,4,1,latest,100000,143.524,191.4872800000012
4-44,4,2,nocache,100000,165.788,211.27873800000089
4-44,4,2,latest,100000,146.021,192.20290999999997
4-44,4,2,scalar,100000,285.282,331.31667500000185
4-60,4,0,scalar,100000,305.51,351.8527919999997
4-60,4,0,nocache,100000,172.625,219.86619100000098
4-60,4,0,latest,100000,170.646,222.31731199999922
4-60,4,1,nocache,100000,163.631,209.26024699999834
4-60,4,1,latest,100000,154.905,204.13886300000013
4-60,4,1,scalar,100000,295.159,340.46019799999704
4-60,4,2,latest,100000,168.247,215.54353000000265
4-60,4,2,scalar,100000,284.488,330.50417999999627
4-60,4,2,nocache,100000,179.974,225.71193299999868
5-28,5,0,nocache,100000,198.834,251.79930799999966
5-28,5,0,latest,100000,190.894,240.8085149999988
5-28,5,0,scalar,100000,354.3,411.8118969999996
5-28,5,1,latest,100000,170.886,235.93141800000012
5-28,5,1,scalar,100000,325.975,376.42898299999797
5-28,5,1,nocache,100000,176.753,228.67108099999678
5-28,5,2,scalar,100000,333.951,397.3674200000023
5-28,5,2,nocache,100000,165.358,213.2680990000008
5-28,5,2,latest,100000,153.949,204.98397399999521
5-44,5,0,latest,100000,134.816,185.04813099999956
5-44,5,0,scalar,100000,265.266,310.1866689999988
5-44,5,0,nocache,100000,172.44,224.03806700000132
5-44,5,1,scalar,100000,269.489,315.2591010000033
5-44,5,1,nocache,100000,152.691,199.19687800000247
5-44,5,1,latest,100000,122.391,168.02826500000083
5-44,5,2,nocache,100000,143.941,191.84928200000286
5-44,5,2,latest,100000,116.715,162.115512999997
5-44,5,2,scalar,100000,266.011,310.70208999999886
5-60,5,0,scalar,100000,303.66,355.2893290000011
5-60,5,0,nocache,100000,152.219,199.5889360000001
5-60,5,0,latest,100000,130.391,179.84992099999909
5-60,5,1,nocache,100000,155.499,202.47197900000174
5-60,5,1,latest,100000,127.335,173.3224310000005
5-60,5,1,scalar,100000,276.822,331.2794749999957
5-60,5,2,latest,100000,126.792,175.33620099999825
5-60,5,2,scalar,100000,249.269,294.648595000006
5-60,5,2,nocache,100000,154.863,205.08179299999756
6-28,6,0,nocache,100000,224.328,284.0948100000005
6-28,6,0,latest,100000,229.764,285.0023540000002
6-28,6,0,scalar,100000,399.272,514.7510300000013
6-28,6,1,latest,100000,169.765,221.3914319999967
6-28,6,1,scalar,100000,311.726,362.4320480000024
6-28,6,1,nocache,100000,182.996,231.47600799999782
6-28,6,2,scalar,100000,350.248,403.6830489999993
6-28,6,2,nocache,100000,179.239,227.6834419999941
6-28,6,2,latest,100000,167.033,216.677002000004
6-44,6,0,latest,100000,181.665,233.46558800000093
6-44,6,0,scalar,100000,354.938,412.1444390000015
6-44,6,0,nocache,100000,196.399,250.08072399999946
6-44,6,1,scalar,100000,325.973,375.6893410000048
6-44,6,1,nocache,100000,179.765,230.18276199999673
6-44,6,1,latest,100000,183.409,236.76656199999707
6-44,6,2,nocache,100000,184.003,234.33129100000224
6-44,6,2,latest,100000,186.044,239.65185799999745
6-44,6,2,scalar,100000,322.577,371.6485939999984
6-60,6,0,scalar,100000,272.79,318.51940099999774
6-60,6,0,nocache,100000,165.498,213.0764769999987
6-60,6,0,latest,100000,123.681,169.5512000000017
6-60,6,1,nocache,100000,155.818,200.7168309999979
6-60,6,1,latest,100000,122.024,167.09011399999872
6-60,6,1,scalar,100000,273.599,318.5038110000023
6-60,6,2,latest,100000,123.211,169.95387599999958
6-60,6,2,scalar,100000,277.303,321.4632349999956
6-60,6,2,nocache,100000,153.951,200.9488229999988
7-28,7,0,nocache,100000,152.413,197.30416799999875
7-28,7,0,latest,100000,128.476,176.21868099999847
7-28,7,0,scalar,100000,274.819,320.25923899999907
7-28,7,1,latest,100000,131.903,181.54021099999954
7-28,7,1,scalar,100000,288.005,334.54090200000064
7-28,7,1,nocache,100000,151.615,198.39130199999636
7-28,7,2,scalar,100000,283.313,329.0611979999958
7-28,7,2,nocache,100000,146.544,191.70828099999926
7-28,7,2,latest,100000,133.228,179.9208839999992
7-44,7,0,latest,100000,126.24,174.3952109999991
7-44,7,0,scalar,100000,280.25,325.8176429999985
7-44,7,0,nocache,100000,161.721,209.52345200000127
7-44,7,1,scalar,100000,305.638,353.3589659999998
7-44,7,1,nocache,100000,149.862,194.17386999999871
7-44,7,1,latest,100000,133.348,184.7687320000041
7-44,7,2,nocache,100000,147.505,194.6774809999988
7-44,7,2,latest,100000,124.426,172.9469670000035
7-44,7,2,scalar,100000,295.647,342.23275000000285
7-60,7,0,scalar,100000,335.846,391.842184000001
7-60,7,0,nocache,100000,173.036,232.8507009999994
7-60,7,0,latest,100000,159.412,213.6355390000026
7-60,7,1,nocache,100000,146.1,191.21844599999895
7-60,7,1,latest,100000,155.878,203.5822180000032
7-60,7,1,scalar,100000,280.732,326.5378639999981
7-60,7,2,latest,100000,139.598,186.0752169999978
7-60,7,2,scalar,100000,281.031,325.86796999999933
7-60,7,2,nocache,100000,160.65,212.14547600000515
