id,budget,variant,gapCp,deltaGapCp,completedDepth,nodes,elapsedMs,move,fallback
0,{'ms': 1000},base,446,0,4,139988,1000.406,6b6c,False
0,{'ms': 1000},capture,446,0,4,133422,1000.496,6b6c,False
0,{'ms': 1000},policy1capture,446,0,4,118525,1000.729,6b6c,False
0,{'ms': 1000},capturelmr,0,-446,5,124646,1000.432,5a4a,False
1,{'ms': 1000},capture,131,0,5,143097,1000.568,2b1c,False
1,{'ms': 1000},policy1capture,131,0,5,124409,1000.435,2b1c,False
1,{'ms': 1000},capturelmr,0,-131,6,133207,1000.771,8c8d,False
1,{'ms': 1000},base,131,0,5,128053,1000.532,2b1c,False
2,{'ms': 1000},policy1capture,131,0,4,112071,1000.508,2f2e,False
2,{'ms': 1000},capturelmr,131,0,5,114861,1000.416,2f2e,False
2,{'ms': 1000},base,131,0,4,129879,1000.51,2f2e,False
2,{'ms': 1000},capture,131,0,4,124112,1000.434,2f2e,False
3,{'ms': 1000},capturelmr,0,0,5,127470,1000.719,3c2b,False
3,{'ms': 1000},base,0,0,5,139554,1000.377,3c2b,False
3,{'ms': 1000},capture,0,0,5,143510,1000.545,3c2b,False
3,{'ms': 1000},policy1capture,0,0,5,126353,1000.604,3c2b,False
4,{'ms': 1000},base,72,0,5,135725,1000.438,5h5i,False
4,{'ms': 1000},capture,72,0,5,132065,1000.441,5h5i,False
4,{'ms': 1000},policy1capture,0,-72,4,129031,1000.44,4h3i,False
4,{'ms': 1000},capturelmr,53,-19,5,141089,1000.452,3h4g,False
5,{'ms': 1000},capture,189,0,4,152217,1000.435,3c2b,False
5,{'ms': 1000},policy1capture,1434,1245,4,119700,1000.467,6a5b,False
5,{'ms': 1000},capturelmr,189,0,4,151754,1000.431,3c2b,False
5,{'ms': 1000},base,189,0,4,138220,1000.449,3c2b,False
6,{'ms': 1000},policy1capture,0,0,5,114069,1000.551,7g6h,False
6,{'ms': 1000},capturelmr,0,0,7,142054,1000.421,7g6h,False
6,{'ms': 1000},base,0,0,5,146839,1000.422,7g6h,False
6,{'ms': 1000},capture,0,0,5,140020,1000.401,7g6h,False
7,{'ms': 1000},capturelmr,168,168,5,150155,1000.376,B*6e,False
7,{'ms': 1000},base,0,0,4,140316,1000.413,1c1d,False
7,{'ms': 1000},capture,0,0,4,138226,1001.774,1c1d,False
7,{'ms': 1000},policy1capture,0,0,4,133293,1000.415,1c1d,False
8,{'ms': 1000},base,21,0,4,125757,1001.194,7c7d,False
8,{'ms': 1000},capture,21,0,4,126718,1000.693,7c7d,False
8,{'ms': 1000},policy1capture,21,0,4,115203,1000.398,7c7d,False
8,{'ms': 1000},capturelmr,21,0,5,132955,1000.41,7c7d,False
9,{'ms': 1000},capture,0,0,5,141420,1001.339,7c6e,False
9,{'ms': 1000},policy1capture,0,0,5,122922,1000.436,7c6e,False
9,{'ms': 1000},capturelmr,0,0,6,144874,1000.416,7c6e,False
9,{'ms': 1000},base,0,0,5,141280,1002.009,7c6e,False
10,{'ms': 1000},policy1capture,106,0,5,127085,1008.112,7b6c,False
10,{'ms': 1000},capturelmr,106,0,6,152246,1000.419,7b6c,False
10,{'ms': 1000},base,106,0,5,147764,1000.382,7b6c,False
10,{'ms': 1000},capture,106,0,5,136965,1000.981,7b6c,False
11,{'ms': 1000},capturelmr,0,0,5,136406,1000.395,7h7g,False
11,{'ms': 1000},base,0,0,4,136319,1000.418,7h7g,False
11,{'ms': 1000},capture,0,0,4,122103,1000.462,7h7g,False
11,{'ms': 1000},policy1capture,0,0,4,111822,1000.414,7h7g,False
12,{'ms': 1000},base,0,0,5,132463,1000.419,2f2e,False
12,{'ms': 1000},capture,0,0,5,111547,1000.581,2f2e,False
12,{'ms': 1000},policy1capture,0,0,5,128736,1000.511,2f2e,False
12,{'ms': 1000},capturelmr,0,0,7,134622,1000.425,2f2e,False
13,{'ms': 1000},capture,235,0,5,141112,1000.421,6f6e,False
13,{'ms': 1000},policy1capture,235,0,5,139367,1000.402,6f6e,False
13,{'ms': 1000},capturelmr,235,0,7,142111,1000.409,6f6e,False
13,{'ms': 1000},base,235,0,5,129816,1000.556,6f6e,False
14,{'ms': 1000},policy1capture,0,0,4,116466,1000.416,2h3g,False
14,{'ms': 1000},capturelmr,5,5,5,124174,1001.276,6h7g,False
14,{'ms': 1000},base,0,0,4,143564,1000.414,2h3g,False
14,{'ms': 1000},capture,0,0,4,144550,1000.452,2h3g,False
15,{'ms': 1000},capturelmr,0,-27,6,217065,1000.468,3g4f,False
15,{'ms': 1000},base,27,0,4,203248,1000.439,4i5h,False
15,{'ms': 1000},capture,27,0,4,179368,1000.638,4i5h,False
15,{'ms': 1000},policy1capture,0,-27,5,207129,1000.42,3g4f,False
16,{'ms': 1000},base,289,0,4,162235,1000.67,4a5b,False
16,{'ms': 1000},capture,289,0,4,159647,1000.408,4a5b,False
16,{'ms': 1000},policy1capture,289,0,4,165753,1000.417,4a5b,False
16,{'ms': 1000},capturelmr,289,0,5,155285,1004.876,4a5b,False
17,{'ms': 1000},capture,0,-47,5,148781,1000.441,8f7g,False
17,{'ms': 1000},policy1capture,47,0,4,123230,1000.517,2h2f,False
17,{'ms': 1000},capturelmr,0,-47,6,150706,1000.565,8f7g,False
17,{'ms': 1000},base,47,0,4,144737,1000.415,2h2f,False
18,{'ms': 1000},policy1capture,0,0,4,113222,1000.497,4b3b,False
18,{'ms': 1000},capturelmr,0,0,5,145717,1000.77,4b3b,False
18,{'ms': 1000},base,0,0,4,129330,1000.43,4b3b,False
18,{'ms': 1000},capture,0,0,5,149947,1000.396,4b3b,False
19,{'ms': 1000},capturelmr,0,0,6,148773,1000.499,2h2d,False
19,{'ms': 1000},base,0,0,5,139620,1000.481,2h2d,False
19,{'ms': 1000},capture,0,0,5,138460,1000.493,2h2d,False
19,{'ms': 1000},policy1capture,0,0,5,131519,1000.428,2h2d,False
20,{'ms': 1000},base,0,0,4,141725,1000.498,3a2b,False
20,{'ms': 1000},capture,0,0,4,137805,1000.46,3a2b,False
20,{'ms': 1000},policy1capture,0,0,4,121234,1000.575,3a2b,False
20,{'ms': 1000},capturelmr,0,0,5,138357,1000.678,3a2b,False
0,{'nodes': 12000},base,446,0,3,12000,127.063,6b6c,False
0,{'nodes': 12000},capture,446,0,3,12000,69.925,6b6c,False
0,{'nodes': 12000},policy1capture,446,0,3,12000,110.32,6b6c,False
0,{'nodes': 12000},capturelmr,446,0,3,12000,88.198,6b6c,False
1,{'nodes': 12000},capture,131,0,3,12000,65.527,2b1c,False
1,{'nodes': 12000},policy1capture,131,0,3,12000,74.483,2b1c,False
1,{'nodes': 12000},capturelmr,11,-120,4,12000,65.21,7c7d,False
1,{'nodes': 12000},base,131,0,3,12000,73.276,2b1c,False
2,{'nodes': 12000},policy1capture,131,0,3,12000,87.475,2f2e,False
2,{'nodes': 12000},capturelmr,131,0,3,12000,83.811,2f2e,False
2,{'nodes': 12000},base,131,0,3,12000,86.115,2f2e,False
2,{'nodes': 12000},capture,131,0,3,12000,78.114,2f2e,False
3,{'nodes': 12000},capturelmr,0,0,3,12000,64.76,3c2b,False
3,{'nodes': 12000},base,0,0,3,12000,65.247,3c2b,False
3,{'nodes': 12000},capture,0,0,3,12000,86.218,3c2b,False
3,{'nodes': 12000},policy1capture,0,0,3,12000,76.407,3c2b,False
4,{'nodes': 12000},base,43,0,3,12000,77.997,2i3g,False
4,{'nodes': 12000},capture,43,0,3,12000,80.09,2i3g,False
4,{'nodes': 12000},policy1capture,53,10,3,12000,70.808,3h4g,False
4,{'nodes': 12000},capturelmr,0,-43,3,12000,66.595,4h3i,False
5,{'nodes': 12000},capture,1434,0,3,12000,75.668,4a4b,False
5,{'nodes': 12000},policy1capture,1434,0,3,12000,69.293,4a4b,False
5,{'nodes': 12000},capturelmr,1434,0,3,12000,69.783,4a4b,False
5,{'nodes': 12000},base,1434,0,3,12000,74.143,4a4b,False
6,{'nodes': 12000},policy1capture,0,0,3,12000,110.849,7g6h,False
6,{'nodes': 12000},capturelmr,0,0,4,12000,82.349,7g6h,False
6,{'nodes': 12000},base,0,0,3,12000,86.808,7g6h,False
6,{'nodes': 12000},capture,0,0,3,12000,73.477,7g6h,False
7,{'nodes': 12000},capturelmr,0,0,3,12000,93.23,1c1d,False
7,{'nodes': 12000},base,0,0,3,12000,71.529,1c1d,False
7,{'nodes': 12000},capture,0,0,3,12000,71.214,1c1d,False
7,{'nodes': 12000},policy1capture,0,0,3,12000,73.873,1c1d,False
8,{'nodes': 12000},base,21,0,3,12000,70.065,7c7d,False
8,{'nodes': 12000},capture,21,0,3,12000,73.646,7c7d,False
8,{'nodes': 12000},policy1capture,21,0,3,12000,94.592,7c7d,False
8,{'nodes': 12000},capturelmr,21,0,3,12000,81.241,7c7d,False
9,{'nodes': 12000},capture,0,0,3,12000,68.081,7c6e,False
9,{'nodes': 12000},policy1capture,0,0,3,12000,68.263,7c6e,False
9,{'nodes': 12000},capturelmr,0,0,4,12000,61.543,7c6e,False
9,{'nodes': 12000},base,0,0,3,12000,60.775,7c6e,False
10,{'nodes': 12000},policy1capture,25,0,4,12000,117.532,3e3f,False
10,{'nodes': 12000},capturelmr,25,0,4,12000,81.455,3e3f,False
10,{'nodes': 12000},base,25,0,4,12000,102.241,3e3f,False
10,{'nodes': 12000},capture,25,0,4,12000,96.882,3e3f,False
11,{'nodes': 12000},capturelmr,0,0,3,12000,87.792,7h7g,False
11,{'nodes': 12000},base,0,0,3,12000,65.044,7h7g,False
11,{'nodes': 12000},capture,0,0,3,12000,82.852,7h7g,False
11,{'nodes': 12000},policy1capture,0,0,3,12000,87.019,7h7g,False
12,{'nodes': 12000},base,0,0,4,12000,80.334,2f2e,False
12,{'nodes': 12000},capture,0,0,4,12000,66.899,2f2e,False
12,{'nodes': 12000},policy1capture,0,0,4,12000,98.651,2f2e,False
12,{'nodes': 12000},capturelmr,0,0,4,12000,66.511,2f2e,False
13,{'nodes': 12000},capture,235,0,3,12000,85.72,6f6e,False
13,{'nodes': 12000},policy1capture,235,0,3,12000,98.996,6f6e,False
13,{'nodes': 12000},capturelmr,235,0,4,12000,68.461,6f6e,False
13,{'nodes': 12000},base,235,0,3,12000,66.002,6f6e,False
14,{'nodes': 12000},policy1capture,5,0,3,12000,83.584,6h7g,False
14,{'nodes': 12000},capturelmr,5,0,3,12000,83.039,6h7g,False
14,{'nodes': 12000},base,5,0,3,12000,76.428,6h7g,False
14,{'nodes': 12000},capture,5,0,3,12000,70.629,6h7g,False
15,{'nodes': 12000},capturelmr,0,0,3,12000,53.437,3g4f,False
15,{'nodes': 12000},base,0,0,3,12000,50.05,3g4f,False
15,{'nodes': 12000},capture,0,0,3,12000,55.034,3g4f,False
15,{'nodes': 12000},policy1capture,0,0,3,12000,51.767,3g4f,False
16,{'nodes': 12000},base,344,0,3,12000,63.49,7b7e,False
16,{'nodes': 12000},capture,344,0,3,12000,80.852,7b7e,False
16,{'nodes': 12000},policy1capture,344,0,3,12000,91.589,7b7e,False
16,{'nodes': 12000},capturelmr,344,0,3,12000,67.365,7b7e,False
17,{'nodes': 12000},capture,47,0,3,12000,101.075,2h2f,False
17,{'nodes': 12000},policy1capture,47,0,3,12000,81.406,2h2f,False
17,{'nodes': 12000},capturelmr,0,-47,3,12000,80.355,8f7g,False
17,{'nodes': 12000},base,47,0,3,12000,63.267,2h2f,False
18,{'nodes': 12000},policy1capture,479,0,3,12000,111.462,L*5b,False
18,{'nodes': 12000},capturelmr,479,0,3,12000,74.001,L*5b,False
18,{'nodes': 12000},base,479,0,3,12000,82.851,L*5b,False
18,{'nodes': 12000},capture,479,0,3,12000,65.974,L*5b,False
19,{'nodes': 12000},capturelmr,45,0,4,12000,71.829,6h6g,False
19,{'nodes': 12000},base,45,0,3,12000,82.23,6h6g,False
19,{'nodes': 12000},capture,45,0,3,12000,84.475,6h6g,False
19,{'nodes': 12000},policy1capture,45,0,3,12000,74.986,6h6g,False
20,{'nodes': 12000},base,0,0,3,12000,90.885,3a2b,False
20,{'nodes': 12000},capture,0,0,3,12000,83.794,3a2b,False
20,{'nodes': 12000},policy1capture,0,0,3,12000,79.921,3a2b,False
20,{'nodes': 12000},capturelmr,0,0,3,12000,81.008,3a2b,False
0,{'nodes': 48000},base,446,0,4,48000,322.06,6b6c,False
0,{'nodes': 48000},capture,446,0,4,48000,344.259,6b6c,False
0,{'nodes': 48000},policy1capture,446,0,4,48000,418.377,6b6c,False
0,{'nodes': 48000},capturelmr,446,0,4,48000,431.87,6b6c,False
1,{'nodes': 48000},capture,11,0,4,48000,313.968,7c7d,False
1,{'nodes': 48000},policy1capture,11,0,4,48000,355.256,7c7d,False
1,{'nodes': 48000},capturelmr,11,0,5,48000,337.235,7c7d,False
1,{'nodes': 48000},base,11,0,4,48000,290.813,7c7d,False
2,{'nodes': 48000},policy1capture,131,0,4,48000,506.67,2f2e,False
2,{'nodes': 48000},capturelmr,131,0,5,48000,412.069,2f2e,False
2,{'nodes': 48000},base,131,0,4,48000,300.992,2f2e,False
2,{'nodes': 48000},capture,131,0,4,48000,347.566,2f2e,False
3,{'nodes': 48000},capturelmr,0,0,4,48000,246.526,3c2b,False
3,{'nodes': 48000},base,0,0,4,48000,274.993,3c2b,False
3,{'nodes': 48000},capture,0,0,4,48000,354.789,3c2b,False
3,{'nodes': 48000},policy1capture,0,0,4,48000,311.197,3c2b,False
4,{'nodes': 48000},base,72,0,4,48000,264.601,5h5i,False
4,{'nodes': 48000},capture,72,0,4,48000,324.807,5h5i,False
4,{'nodes': 48000},policy1capture,0,-72,4,48000,492.815,4h3i,False
4,{'nodes': 48000},capturelmr,53,-19,5,48000,326.191,3h4g,False
5,{'nodes': 48000},capture,1434,0,3,48000,307.863,4a4b,False
5,{'nodes': 48000},policy1capture,1434,0,3,48000,377.041,4a4b,False
5,{'nodes': 48000},capturelmr,189,-1245,4,48000,329.599,3c2b,False
5,{'nodes': 48000},base,1434,0,3,48000,296.457,4a4b,False
6,{'nodes': 48000},policy1capture,0,0,4,48000,450.151,7g6h,False
6,{'nodes': 48000},capturelmr,0,0,6,48000,378.953,7g6h,False
6,{'nodes': 48000},base,0,0,4,48000,367.266,7g6h,False
6,{'nodes': 48000},capture,0,0,4,48000,297.188,7g6h,False
7,{'nodes': 48000},capturelmr,87,87,4,48000,433.839,5a4b,False
7,{'nodes': 48000},base,0,0,3,48000,282.534,1c1d,False
7,{'nodes': 48000},capture,0,0,3,48000,387.591,1c1d,False
7,{'nodes': 48000},policy1capture,0,0,4,48000,399.731,1c1d,False
8,{'nodes': 48000},base,21,0,4,48000,361.813,7c7d,False
8,{'nodes': 48000},capture,21,0,4,48000,361.032,7c7d,False
8,{'nodes': 48000},policy1capture,21,0,4,48000,440.317,7c7d,False
8,{'nodes': 48000},capturelmr,21,0,4,48000,311.6,7c7d,False
9,{'nodes': 48000},capture,0,0,4,48000,292.41,7c6e,False
9,{'nodes': 48000},policy1capture,0,0,4,48000,394.539,7c6e,False
9,{'nodes': 48000},capturelmr,0,0,5,48000,270.407,7c6e,False
9,{'nodes': 48000},base,0,0,4,48000,265.724,7c6e,False
10,{'nodes': 48000},policy1capture,25,0,4,48000,431.433,3e3f,False
10,{'nodes': 48000},capturelmr,25,0,5,48000,377.552,3e3f,False
10,{'nodes': 48000},base,25,0,4,48000,281.568,3e3f,False
10,{'nodes': 48000},capture,25,0,4,48000,325.57,3e3f,False
11,{'nodes': 48000},capturelmr,0,0,5,48000,355.689,7h7g,False
11,{'nodes': 48000},base,0,0,4,48000,356.409,7h7g,False
11,{'nodes': 48000},capture,0,0,4,48000,365.323,7h7g,False
11,{'nodes': 48000},policy1capture,0,0,4,48000,430.494,7h7g,False
12,{'nodes': 48000},base,0,0,4,48000,305.51,2f2e,False
12,{'nodes': 48000},capture,0,0,4,48000,444.964,2f2e,False
12,{'nodes': 48000},policy1capture,0,0,4,48000,372.559,2f2e,False
12,{'nodes': 48000},capturelmr,0,0,6,48000,372.412,2f2e,False
13,{'nodes': 48000},capture,235,0,4,48000,358.494,6f6e,False
13,{'nodes': 48000},policy1capture,235,0,4,48000,325.642,6f6e,False
13,{'nodes': 48000},capturelmr,235,0,5,48000,347.132,6f6e,False
13,{'nodes': 48000},base,235,0,4,48000,297.902,6f6e,False
14,{'nodes': 48000},policy1capture,0,0,4,48000,467.79,2h3g,False
14,{'nodes': 48000},capturelmr,5,5,5,48000,323.436,6h7g,False
14,{'nodes': 48000},base,0,0,4,48000,348.803,2h3g,False
14,{'nodes': 48000},capture,0,0,4,48000,320.476,2h3g,False
15,{'nodes': 48000},capturelmr,93,93,4,48000,254.964,4i4h,False
15,{'nodes': 48000},base,0,0,3,48000,220.775,3g4f,False
15,{'nodes': 48000},capture,27,27,4,48000,211.528,4i5h,False
15,{'nodes': 48000},policy1capture,27,27,4,48000,348.62,4i5h,False
16,{'nodes': 48000},base,344,0,3,48000,259.935,7b7e,False
16,{'nodes': 48000},capture,344,0,3,48000,370.293,7b7e,False
16,{'nodes': 48000},policy1capture,344,0,3,48000,369.626,7b7e,False
16,{'nodes': 48000},capturelmr,144,-200,4,48000,262.568,6a5b,False
17,{'nodes': 48000},capture,47,0,4,48000,272.322,2h2f,False
17,{'nodes': 48000},policy1capture,47,0,4,48000,338.653,2h2f,False
17,{'nodes': 48000},capturelmr,0,-47,5,48000,356.613,8f7g,False
17,{'nodes': 48000},base,47,0,4,48000,324.456,2h2f,False
18,{'nodes': 48000},policy1capture,0,-479,4,48000,377.672,4b3b,False
18,{'nodes': 48000},capturelmr,479,0,3,48000,331.339,L*5b,False
18,{'nodes': 48000},base,479,0,3,48000,265.137,L*5b,False
18,{'nodes': 48000},capture,479,0,3,48000,304.668,L*5b,False
19,{'nodes': 48000},capturelmr,45,0,5,48000,298.877,6h6g,False
19,{'nodes': 48000},base,45,0,4,48000,293.994,6h6g,False
19,{'nodes': 48000},capture,45,0,4,48000,357.529,6h6g,False
19,{'nodes': 48000},policy1capture,45,0,4,48000,383.186,6h6g,False
20,{'nodes': 48000},base,0,0,4,48000,341.365,3a2b,False
20,{'nodes': 48000},capture,0,0,4,48000,326.489,3a2b,False
20,{'nodes': 48000},policy1capture,0,0,3,48000,344.118,3a2b,False
20,{'nodes': 48000},capturelmr,0,0,4,48000,348.252,3a2b,False
