stage,id,engine,bestmove,depth,seldepth,nodes,engine_ms,wall_ms_after_go,nps_from_engine_time,node_overshoot,has_completed_iteration
nodes,startpos,lab,2g2f,4,9,10000,15.434,23.88450399848807,647920.1762342879,0,True
nodes,startpos,native,2g2f,10,15,10004,6,6.757155000741477,1667333.3333333333,4,True
nodes,opening,native,7i8h,9,11,10003,8,7.5534459992923075,1250375.0,3,True
nodes,opening,lab,6i7h,3,9,10000,17.712,24.47256999948877,564588.9792231256,0,True
nodes,middle-black,lab,2h2b+,2,10,10000,14.434,20.356294000521302,692808.6462519052,0,True
nodes,middle-black,native,2h2b+,9,15,10000,9,9.017928001412656,1111111.111111111,0,True
nodes,middle-white,native,1f1h,9,9,10000,11,11.194184999112622,909090.9090909091,0,True
nodes,middle-white,lab,1f1h,1,9,10000,12.678,19.023333999939496,788767.9444707367,0,True
nodes,late-black,lab,P*7i,2,9,10000,14.546,20.80230899991875,687474.2197167607,0,True
nodes,late-black,native,P*7i,8,9,10002,9,9.320799001216074,1111333.3333333333,2,True
nodes,late-white,native,G*6h,7,8,10015,8,7.820541000910453,1251875.0,15,True
nodes,late-white,lab,7b5d,2,9,10000,15.369,21.613868999338592,650660.4203266315,0,True
time,startpos,lab,7g7f,5,10,106247,200.122,211.1640509992867,530911.1442020367,,True
time,startpos,native,7g7f,15,21,272632,200,200.2072160012176,1363160.0,,True
time,opening,native,7i8h,19,28,276899,200,199.33772500007763,1384495.0,,True
time,opening,lab,6i7h,4,10,102725,200.105,211.66802100015047,513355.4883686065,,True
time,middle-black,lab,2h2b+,3,11,110475,200.092,207.8136470008758,552121.0243288088,,True
time,middle-black,native,2h2b+,14,22,203825,201,200.88074799969036,1014054.7263681592,,True
time,middle-white,native,1f1h,16,26,205186,200,199.60435699977097,1025930.0,,True
time,middle-white,lab,1f1h,3,11,123008,200.105,207.4395250001544,614717.2734314485,,True
time,late-black,lab,P*7i,3,11,112631,200.091,212.0251210017159,562898.8810091409,,True
time,late-black,native,P*7i,11,17,178192,200,200.06500399904326,890960.0,,True
time,late-white,native,G*6h,12,16,224909,200,200.77085900084057,1124545.0,,True
time,late-white,lab,S*6i,3,11,120740,200.135,211.68320600008883,603292.7773752718,,True
