position,mode,nodes,completed_depth,score_raw,bestmove,seldepth,stop_reason,qnodes,qchecked,qcheck_beyond_budget,cutoffs,main_first_cutoffs,qchild_cutoffs,q_first_cutoffs,main_order_changes,q_order_changes,search_ms
middle-black,minimax,400000,1,2811,2h2b+,5,pilot_node_cap,399938,32241,31215,0,0,0,0,0,0,934.305
middle-black,lexical,2549,2,1853,2h2b+,5,depth_limit,2448,179,139,98,92,420,185,0,0,25.722
middle-black,main,1678,2,1853,2h2b+,5,depth_limit,1577,91,50,99,99,156,96,102,0,42.9567
middle-black,q,2380,2,1853,2h2b+,5,depth_limit,2279,168,128,98,92,407,286,0,118,26.2646
middle-black,tactical,1618,2,1853,2h2b+,5,depth_limit,1517,84,43,99,99,147,111,102,32,24.0641
middle-white,minimax,400000,1,2409,1f1h,5,pilot_node_cap,399927,32907,9268,0,0,0,0,0,0,1057.29
middle-white,lexical,4065,2,2249,1f1h,5,depth_limit,3925,752,94,138,125,1185,978,0,0,54.1178
middle-white,main,6348,2,2249,1f1h,5,depth_limit,6208,1342,115,137,16,1531,1367,139,0,59.4762
middle-white,q,4026,2,2249,1f1h,5,depth_limit,3886,750,92,138,125,1182,998,0,31,49.661
middle-white,tactical,6313,2,2249,1f1h,5,depth_limit,6173,1340,113,137,16,1528,1382,139,49,56.5967
late-black,minimax,400000,1,-5618,P*7i,5,pilot_node_cap,399964,23909,23220,0,0,0,0,0,0,1102.17
late-black,lexical,11042,2,-5841,P*7i,5,depth_limit,10997,825,640,40,2,1640,1046,0,0,56.2163
late-black,main,4815,2,-5841,P*7i,5,depth_limit,4770,285,183,43,2,833,490,45,0,36.8817
late-black,q,8991,2,-5841,P*7i,5,depth_limit,8946,552,367,40,2,1222,940,0,341,48.5584
late-black,tactical,4162,2,-5841,P*7i,5,depth_limit,4117,203,101,43,2,689,507,45,158,38.5338
late-white,minimax,44090,1,6799,N*6e,8,q_ply_guard,44026,3779,1664,0,0,0,0,0,0,121.624
late-white,lexical,8781,2,6728,7b5d,5,depth_limit,8514,954,83,262,55,840,712,0,0,39.5087
late-white,main,5972,2,6728,7b5d,5,depth_limit,5705,631,56,265,140,509,477,130,0,29.8789
late-white,q,8649,2,6728,7b5d,5,depth_limit,8382,945,74,262,55,829,750,0,114,37.5837
late-white,tactical,5905,2,6728,7b5d,5,depth_limit,5638,621,46,265,140,500,479,130,48,32.6514
